ccode,scode,country,year,polity2,xrreg,xrcomp,xropen,xconst,parreg,parcomp,exrec,exconst,polcomp
700,AFG,Afghanistan,1800,-6,3,1,1,1,3,3,1,1,6
700,AFG,Afghanistan,1801,-6,3,1,1,1,3,3,1,1,6
700,AFG,Afghanistan,1802,-6,3,1,1,1,3,3,1,1,6
700,AFG,Afghanistan,1803,-6,3,1,1,1,3,3,1,1,6
700,AFG,Afghanistan,1804,-6,3,1,1,1,3,3,1,1,6
700,AFG,Afghanistan,1805,-6,3,1,1,1,3,3,1,1,6
700,AFG,Afghanistan,1806,-6,3,1,1,1,3,3,1,1,6
700,AFG,Afghanistan,1807,-6,3,1,1,1,3,3,1,1,6
700,AFG,Afghanistan,1808,-6,3,1,1,1,3,3,1,1,6
700,AFG,Afghanistan,1809,-6,3,1,1,1,3,3,1,1,6
700,AFG,Afghanistan,1810,-6,3,1,1,1,3,3,1,1,6
700,AFG,Afghanistan,1811,-6,3,1,1,1,3,3,1,1,6
700,AFG,Afghanistan,1812,-6,3,1,1,1,3,3,1,1,6
700,AFG,Afghanistan,1813,-6,3,1,1,1,3,3,1,1,6
700,AFG,Afghanistan,1814,-6,3,1,1,1,3,3,1,1,6
700,AFG,Afghanistan,1815,-6,3,1,1,1,3,3,1,1,6
700,AFG,Afghanistan,1816,-6,3,1,1,1,3,3,1,1,6
700,AFG,Afghanistan,1817,-6,3,1,1,1,3,3,1,1,6
700,AFG,Afghanistan,1818,-6,3,1,1,1,3,3,1,1,6
700,AFG,Afghanistan,1819,-6,3,1,1,1,3,3,1,1,6
700,AFG,Afghanistan,1820,-6,3,1,1,1,3,3,1,1,6
700,AFG,Afghanistan,1821,-6,3,1,1,1,3,3,1,1,6
700,AFG,Afghanistan,1822,-6,3,1,1,1,3,3,1,1,6
700,AFG,Afghanistan,1823,-6,3,1,1,1,3,3,1,1,6
700,AFG,Afghanistan,1824,-6,3,1,1,1,3,3,1,1,6
700,AFG,Afghanistan,1825,-6,3,1,1,1,3,3,1,1,6
700,AFG,Afghanistan,1826,-6,3,1,1,1,3,3,1,1,6
700,AFG,Afghanistan,1827,-6,3,1,1,1,3,3,1,1,6
700,AFG,Afghanistan,1828,-6,3,1,1,1,3,3,1,1,6
700,AFG,Afghanistan,1829,-6,3,1,1,1,3,3,1,1,6
700,AFG,Afghanistan,1830,-6,3,1,1,1,3,3,1,1,6
700,AFG,Afghanistan,1831,-6,3,1,1,1,3,3,1,1,6
700,AFG,Afghanistan,1832,-6,3,1,1,1,3,3,1,1,6
700,AFG,Afghanistan,1833,-6,3,1,1,1,3,3,1,1,6
700,AFG,Afghanistan,1834,-6,3,1,1,1,3,3,1,1,6
700,AFG,Afghanistan,1835,-6,3,1,1,1,3,3,1,1,6
700,AFG,Afghanistan,1836,-6,3,1,1,1,3,3,1,1,6
700,AFG,Afghanistan,1837,-6,3,1,1,1,3,3,1,1,6
700,AFG,Afghanistan,1838,-6,3,1,1,1,3,3,1,1,6
700,AFG,Afghanistan,1839,-6,3,1,1,1,3,3,1,1,6
700,AFG,Afghanistan,1840,-6,3,1,1,1,3,3,1,1,6
700,AFG,Afghanistan,1841,-6,3,1,1,1,3,3,1,1,6
700,AFG,Afghanistan,1842,-6,3,1,1,1,3,3,1,1,6
700,AFG,Afghanistan,1843,-6,3,1,1,1,3,3,1,1,6
700,AFG,Afghanistan,1844,-6,3,1,1,1,3,3,1,1,6
700,AFG,Afghanistan,1845,-6,3,1,1,1,3,3,1,1,6
700,AFG,Afghanistan,1846,-6,3,1,1,1,3,3,1,1,6
700,AFG,Afghanistan,1847,-6,3,1,1,1,3,3,1,1,6
700,AFG,Afghanistan,1848,-6,3,1,1,1,3,3,1,1,6
700,AFG,Afghanistan,1849,-6,3,1,1,1,3,3,1,1,6
700,AFG,Afghanistan,1850,-6,3,1,1,1,3,3,1,1,6
700,AFG,Afghanistan,1851,-6,3,1,1,1,3,3,1,1,6
700,AFG,Afghanistan,1852,-6,3,1,1,1,3,3,1,1,6
700,AFG,Afghanistan,1853,-6,3,1,1,1,3,3,1,1,6
700,AFG,Afghanistan,1854,-6,3,1,1,1,3,3,1,1,6
700,AFG,Afghanistan,1855,-6,3,1,1,1,3,3,1,1,6
700,AFG,Afghanistan,1856,-6,3,1,1,1,3,3,1,1,6
700,AFG,Afghanistan,1857,-6,3,1,1,1,3,3,1,1,6
700,AFG,Afghanistan,1858,-6,3,1,1,1,3,3,1,1,6
700,AFG,Afghanistan,1859,-6,3,1,1,1,3,3,1,1,6
700,AFG,Afghanistan,1860,-6,3,1,1,1,3,3,1,1,6
700,AFG,Afghanistan,1861,-6,3,1,1,1,3,3,1,1,6
700,AFG,Afghanistan,1862,-6,3,1,1,1,3,3,1,1,6
700,AFG,Afghanistan,1863,-6,3,1,1,1,3,3,1,1,6
700,AFG,Afghanistan,1864,-6,3,1,1,1,3,3,1,1,6
700,AFG,Afghanistan,1865,-6,3,1,1,1,3,3,1,1,6
700,AFG,Afghanistan,1866,-6,3,1,1,1,3,3,1,1,6
700,AFG,Afghanistan,1867,-6,3,1,1,1,3,3,1,1,6
700,AFG,Afghanistan,1868,-6,3,1,1,1,3,3,1,1,6
700,AFG,Afghanistan,1869,-6,3,1,1,1,3,3,1,1,6
700,AFG,Afghanistan,1870,-6,3,1,1,1,3,3,1,1,6
700,AFG,Afghanistan,1871,-6,3,1,1,1,3,3,1,1,6
700,AFG,Afghanistan,1872,-6,3,1,1,1,3,3,1,1,6
700,AFG,Afghanistan,1873,-6,3,1,1,1,3,3,1,1,6
700,AFG,Afghanistan,1874,-6,3,1,1,1,3,3,1,1,6
700,AFG,Afghanistan,1875,-6,3,1,1,1,3,3,1,1,6
700,AFG,Afghanistan,1876,-6,3,1,1,1,3,3,1,1,6
700,AFG,Afghanistan,1877,-6,3,1,1,1,3,3,1,1,6
700,AFG,Afghanistan,1878,-6,3,1,1,1,3,3,1,1,6
700,AFG,Afghanistan,1879,-6,3,1,1,1,3,3,1,1,6
700,AFG,Afghanistan,1880,-6,3,1,1,1,3,3,1,1,6
700,AFG,Afghanistan,1881,-6,3,1,1,1,3,3,1,1,6
700,AFG,Afghanistan,1882,-6,3,1,1,1,3,3,1,1,6
700,AFG,Afghanistan,1883,-6,3,1,1,1,3,3,1,1,6
700,AFG,Afghanistan,1884,-6,3,1,1,1,3,3,1,1,6
700,AFG,Afghanistan,1885,-6,3,1,1,1,3,3,1,1,6
700,AFG,Afghanistan,1886,-6,3,1,1,1,3,3,1,1,6
700,AFG,Afghanistan,1887,-6,3,1,1,1,3,3,1,1,6
700,AFG,Afghanistan,1888,-6,3,1,1,1,3,3,1,1,6
700,AFG,Afghanistan,1889,-6,3,1,1,1,3,3,1,1,6
700,AFG,Afghanistan,1890,-6,3,1,1,1,3,3,1,1,6
700,AFG,Afghanistan,1891,-6,3,1,1,1,3,3,1,1,6
700,AFG,Afghanistan,1892,-6,3,1,1,1,3,3,1,1,6
700,AFG,Afghanistan,1893,-6,3,1,1,1,3,3,1,1,6
700,AFG,Afghanistan,1894,-6,3,1,1,1,3,3,1,1,6
700,AFG,Afghanistan,1895,-6,3,1,1,1,3,3,1,1,6
700,AFG,Afghanistan,1896,-6,3,1,1,1,3,3,1,1,6
700,AFG,Afghanistan,1897,-6,3,1,1,1,3,3,1,1,6
700,AFG,Afghanistan,1898,-6,3,1,1,1,3,3,1,1,6
700,AFG,Afghanistan,1899,-6,3,1,1,1,3,3,1,1,6
700,AFG,Afghanistan,1900,-6,3,1,1,1,3,3,1,1,6
700,AFG,Afghanistan,1901,-6,3,1,1,1,3,3,1,1,6
700,AFG,Afghanistan,1902,-6,3,1,1,1,3,3,1,1,6
700,AFG,Afghanistan,1903,-6,3,1,1,1,3,3,1,1,6
700,AFG,Afghanistan,1904,-6,3,1,1,1,3,3,1,1,6
700,AFG,Afghanistan,1905,-6,3,1,1,1,3,3,1,1,6
700,AFG,Afghanistan,1906,-6,3,1,1,1,3,3,1,1,6
700,AFG,Afghanistan,1907,-6,3,1,1,1,3,3,1,1,6
700,AFG,Afghanistan,1908,-6,3,1,1,1,3,3,1,1,6
700,AFG,Afghanistan,1909,-6,3,1,1,1,3,3,1,1,6
700,AFG,Afghanistan,1910,-6,3,1,1,1,3,3,1,1,6
700,AFG,Afghanistan,1911,-6,3,1,1,1,3,3,1,1,6
700,AFG,Afghanistan,1912,-6,3,1,1,1,3,3,1,1,6
700,AFG,Afghanistan,1913,-6,3,1,1,1,3,3,1,1,6
700,AFG,Afghanistan,1914,-6,3,1,1,1,3,3,1,1,6
700,AFG,Afghanistan,1915,-6,3,1,1,1,3,3,1,1,6
700,AFG,Afghanistan,1916,-6,3,1,1,1,3,3,1,1,6
700,AFG,Afghanistan,1917,-6,3,1,1,1,3,3,1,1,6
700,AFG,Afghanistan,1918,-6,3,1,1,1,3,3,1,1,6
700,AFG,Afghanistan,1919,-6,3,1,1,1,3,3,1,1,6
700,AFG,Afghanistan,1920,-6,3,1,1,1,3,3,1,1,6
700,AFG,Afghanistan,1921,-6,3,1,1,1,3,3,1,1,6
700,AFG,Afghanistan,1922,-6,3,1,1,1,3,3,1,1,6
700,AFG,Afghanistan,1923,-6,3,1,1,1,3,3,1,1,6
700,AFG,Afghanistan,1924,-6,3,1,1,1,3,3,1,1,6
700,AFG,Afghanistan,1925,-6,3,1,1,1,3,3,1,1,6
700,AFG,Afghanistan,1926,-6,3,1,1,1,3,3,1,1,6
700,AFG,Afghanistan,1927,-6,3,1,1,1,3,3,1,1,6
700,AFG,Afghanistan,1928,-6,3,1,1,1,3,3,1,1,6
700,AFG,Afghanistan,1929,-6,3,1,1,1,3,3,1,1,6
700,AFG,Afghanistan,1930,-6,3,1,1,1,3,3,1,1,6
700,AFG,Afghanistan,1931,-6,3,1,1,1,3,3,1,1,6
700,AFG,Afghanistan,1932,-6,3,1,1,1,3,3,1,1,6
700,AFG,Afghanistan,1933,-6,3,1,1,1,3,3,1,1,6
700,AFG,Afghanistan,1934,-6,3,1,1,1,3,3,1,1,6
700,AFG,Afghanistan,1935,-8,3,1,1,1,3,2,1,1,3
700,AFG,Afghanistan,1936,-8,3,1,1,1,3,2,1,1,3
700,AFG,Afghanistan,1937,-8,3,1,1,1,3,2,1,1,3
700,AFG,Afghanistan,1938,-8,3,1,1,1,3,2,1,1,3
700,AFG,Afghanistan,1939,-8,3,1,1,1,3,2,1,1,3
700,AFG,Afghanistan,1940,-8,3,1,1,1,3,2,1,1,3
700,AFG,Afghanistan,1941,-8,3,1,1,1,3,2,1,1,3
700,AFG,Afghanistan,1942,-8,3,1,1,1,3,2,1,1,3
700,AFG,Afghanistan,1943,-8,3,1,1,1,3,2,1,1,3
700,AFG,Afghanistan,1944,-8,3,1,1,1,3,2,1,1,3
700,AFG,Afghanistan,1945,-10,3,1,1,1,4,1,1,1,1
700,AFG,Afghanistan,1946,-10,3,1,1,1,4,1,1,1,1
700,AFG,Afghanistan,1947,-10,3,1,1,1,4,1,1,1,1
700,AFG,Afghanistan,1948,-10,3,1,1,1,4,1,1,1,1
700,AFG,Afghanistan,1949,-10,3,1,1,1,4,1,1,1,1
700,AFG,Afghanistan,1950,-10,3,1,1,1,4,1,1,1,1
700,AFG,Afghanistan,1951,-10,3,1,1,1,4,1,1,1,1
700,AFG,Afghanistan,1952,-10,3,1,1,1,4,1,1,1,1
700,AFG,Afghanistan,1953,-10,3,1,2,1,4,1,2,1,1
700,AFG,Afghanistan,1954,-10,3,1,2,1,4,1,2,1,1
700,AFG,Afghanistan,1955,-10,3,1,2,1,4,1,2,1,1
700,AFG,Afghanistan,1956,-10,3,1,2,1,4,1,2,1,1
700,AFG,Afghanistan,1957,-10,3,1,2,1,4,1,2,1,1
700,AFG,Afghanistan,1958,-10,3,1,2,1,4,1,2,1,1
700,AFG,Afghanistan,1959,-10,3,1,2,1,4,1,2,1,1
700,AFG,Afghanistan,1960,-10,3,1,2,1,4,1,2,1,1
700,AFG,Afghanistan,1961,-10,3,1,2,1,4,1,2,1,1
700,AFG,Afghanistan,1962,-10,3,1,2,1,4,1,2,1,1
700,AFG,Afghanistan,1963,-10,3,1,2,1,4,1,2,1,1
700,AFG,Afghanistan,1964,-7,3,1,2,3,4,2,2,3,2
700,AFG,Afghanistan,1965,-7,3,1,2,3,4,2,2,3,2
700,AFG,Afghanistan,1966,-7,3,1,2,3,4,2,2,3,2
700,AFG,Afghanistan,1967,-7,3,1,2,3,4,2,2,3,2
700,AFG,Afghanistan,1968,-7,3,1,2,3,4,2,2,3,2
700,AFG,Afghanistan,1969,-7,3,1,2,3,4,2,2,3,2
700,AFG,Afghanistan,1970,-7,3,1,2,3,4,2,2,3,2
700,AFG,Afghanistan,1971,-7,3,1,2,3,4,2,2,3,2
700,AFG,Afghanistan,1972,-7,3,1,2,3,4,2,2,3,2
700,AFG,Afghanistan,1973,-7,1,0,0,1,4,1,4,1,1
700,AFG,Afghanistan,1974,-7,1,0,0,1,4,1,4,1,1
700,AFG,Afghanistan,1975,-7,1,0,0,1,4,1,4,1,1
700,AFG,Afghanistan,1976,-7,1,0,0,1,4,1,4,1,1
700,AFG,Afghanistan,1977,-7,2,0,0,1,4,1,5,1,1
700,AFG,Afghanistan,1978,0,-77,-77,-77,-77,-77,-77,-77,-77,-77
700,AFG,Afghanistan,1979,NA,-66,-66,-66,-66,-66,-66,-66,-66,-66
700,AFG,Afghanistan,1980,NA,-66,-66,-66,-66,-66,-66,-66,-66,-66
700,AFG,Afghanistan,1981,NA,-66,-66,-66,-66,-66,-66,-66,-66,-66
700,AFG,Afghanistan,1982,NA,-66,-66,-66,-66,-66,-66,-66,-66,-66
700,AFG,Afghanistan,1983,NA,-66,-66,-66,-66,-66,-66,-66,-66,-66
700,AFG,Afghanistan,1984,NA,-66,-66,-66,-66,-66,-66,-66,-66,-66
700,AFG,Afghanistan,1985,NA,-66,-66,-66,-66,-66,-66,-66,-66,-66
700,AFG,Afghanistan,1986,NA,-66,-66,-66,-66,-66,-66,-66,-66,-66
700,AFG,Afghanistan,1987,NA,-66,-66,-66,-66,-66,-66,-66,-66,-66
700,AFG,Afghanistan,1988,NA,-66,-66,-66,-66,-66,-66,-66,-66,-66
700,AFG,Afghanistan,1989,-8,2,1,4,2,4,1,3,2,1
700,AFG,Afghanistan,1990,-8,2,1,4,2,4,1,3,2,1
700,AFG,Afghanistan,1991,-8,2,1,4,2,4,1,3,2,1
700,AFG,Afghanistan,1992,0,-77,-77,-77,-77,-77,-77,-77,-77,-77
700,AFG,Afghanistan,1993,0,-77,-77,-77,-77,-77,-77,-77,-77,-77
700,AFG,Afghanistan,1994,0,-77,-77,-77,-77,-77,-77,-77,-77,-77
700,AFG,Afghanistan,1995,0,-77,-77,-77,-77,-77,-77,-77,-77,-77
700,AFG,Afghanistan,1996,-7,1,0,0,1,4,1,4,1,1
700,AFG,Afghanistan,1997,-7,1,0,0,1,4,1,4,1,1
700,AFG,Afghanistan,1998,-7,1,0,0,1,4,1,4,1,1
700,AFG,Afghanistan,1999,-7,1,0,0,1,4,1,4,1,1
700,AFG,Afghanistan,2000,-7,1,0,0,1,4,1,4,1,1
700,AFG,Afghanistan,2001,NA,-66,-66,-66,-66,-66,-66,-66,-66,-66
700,AFG,Afghanistan,2002,NA,-66,-66,-66,-66,-66,-66,-66,-66,-66
700,AFG,Afghanistan,2003,NA,-66,-66,-66,-66,-66,-66,-66,-66,-66
700,AFG,Afghanistan,2004,NA,-66,-66,-66,-66,-66,-66,-66,-66,-66
700,AFG,Afghanistan,2005,NA,-66,-66,-66,-66,-66,-66,-66,-66,-66
700,AFG,Afghanistan,2006,NA,-66,-66,-66,-66,-66,-66,-66,-66,-66
700,AFG,Afghanistan,2007,NA,-66,-66,-66,-66,-66,-66,-66,-66,-66
700,AFG,Afghanistan,2008,NA,-66,-66,-66,-66,-66,-66,-66,-66,-66
700,AFG,Afghanistan,2009,NA,-66,-66,-66,-66,-66,-66,-66,-66,-66
700,AFG,Afghanistan,2010,NA,-66,-66,-66,-66,-66,-66,-66,-66,-66
700,AFG,Afghanistan,2011,NA,-66,-66,-66,-66,-66,-66,-66,-66,-66
700,AFG,Afghanistan,2012,NA,-66,-66,-66,-66,-66,-66,-66,-66,-66
700,AFG,Afghanistan,2013,NA,-66,-66,-66,-66,-66,-66,-66,-66,-66
700,AFG,Afghanistan,2014,-1,2,1,4,4,1,0,3,4,4
700,AFG,Afghanistan,2015,-1,2,1,4,4,1,0,3,4,4
700,AFG,Afghanistan,2016,-1,2,1,4,4,1,0,3,4,4
700,AFG,Afghanistan,2017,-1,2,1,4,4,1,0,3,4,4
700,AFG,Afghanistan,2018,-1,2,1,4,4,1,0,3,4,4
211,BEL,Belgium,1830,-88,-88,-88,-88,-88,-88,-88,-88,-88,-88
211,BEL,Belgium,1831,-4,3,1,2,3,1,0,2,3,4
211,BEL,Belgium,1832,-4,3,1,2,3,1,0,2,3,4
211,BEL,Belgium,1833,-4,3,1,2,3,1,0,2,3,4
211,BEL,Belgium,1834,-4,3,1,2,3,1,0,2,3,4
211,BEL,Belgium,1835,-4,3,1,2,3,1,0,2,3,4
211,BEL,Belgium,1836,-4,3,1,2,3,1,0,2,3,4
211,BEL,Belgium,1837,-4,3,1,2,3,1,0,2,3,4
211,BEL,Belgium,1838,-4,3,1,2,3,1,0,2,3,4
211,BEL,Belgium,1839,-4,3,1,2,3,1,0,2,3,4
211,BEL,Belgium,1840,-4,3,1,2,3,1,0,2,3,4
211,BEL,Belgium,1841,-4,3,1,2,3,1,0,2,3,4
211,BEL,Belgium,1842,-4,3,1,2,3,1,0,2,3,4
211,BEL,Belgium,1843,-4,3,1,2,3,1,0,2,3,4
211,BEL,Belgium,1844,-4,3,1,2,3,1,0,2,3,4
211,BEL,Belgium,1845,-4,3,1,2,3,1,0,2,3,4
211,BEL,Belgium,1846,-4,3,1,2,3,1,0,2,3,4
211,BEL,Belgium,1847,4,3,2,3,5,3,3,6,5,6
211,BEL,Belgium,1848,4,3,2,3,5,3,3,6,5,6
211,BEL,Belgium,1849,4,3,2,3,5,3,3,6,5,6
211,BEL,Belgium,1850,4,3,2,3,5,3,3,6,5,6
211,BEL,Belgium,1851,4,3,2,3,5,3,3,6,5,6
211,BEL,Belgium,1852,4,3,2,3,5,3,3,6,5,6
211,BEL,Belgium,1853,4,3,2,3,5,3,3,6,5,6
211,BEL,Belgium,1854,4,3,2,3,5,3,3,6,5,6
211,BEL,Belgium,1855,4,3,2,3,5,3,3,6,5,6
211,BEL,Belgium,1856,4,3,2,3,5,3,3,6,5,6
211,BEL,Belgium,1857,4,3,2,3,5,3,3,6,5,6
211,BEL,Belgium,1858,4,3,2,3,5,3,3,6,5,6
211,BEL,Belgium,1859,4,3,2,3,5,3,3,6,5,6
211,BEL,Belgium,1860,4,3,2,3,5,3,3,6,5,6
211,BEL,Belgium,1861,4,3,2,3,5,3,3,6,5,6
211,BEL,Belgium,1862,4,3,2,3,5,3,3,6,5,6
211,BEL,Belgium,1863,4,3,2,3,5,3,3,6,5,6
211,BEL,Belgium,1864,4,3,2,3,5,3,3,6,5,6
211,BEL,Belgium,1865,4,3,2,3,5,3,3,6,5,6
211,BEL,Belgium,1866,4,3,2,3,5,3,3,6,5,6
211,BEL,Belgium,1867,4,3,2,3,5,3,3,6,5,6
211,BEL,Belgium,1868,4,3,2,3,5,3,3,6,5,6
211,BEL,Belgium,1869,4,3,2,3,5,3,3,6,5,6
211,BEL,Belgium,1870,4,3,2,3,5,3,3,6,5,6
211,BEL,Belgium,1871,4,3,2,3,5,3,3,6,5,6
211,BEL,Belgium,1872,4,3,2,3,5,3,3,6,5,6
211,BEL,Belgium,1873,4,3,2,3,5,3,3,6,5,6
211,BEL,Belgium,1874,4,3,2,3,5,3,3,6,5,6
211,BEL,Belgium,1875,4,3,2,3,5,3,3,6,5,6
211,BEL,Belgium,1876,4,3,2,3,5,3,3,6,5,6
211,BEL,Belgium,1877,4,3,2,3,5,3,3,6,5,6
211,BEL,Belgium,1878,4,3,2,3,5,3,3,6,5,6
211,BEL,Belgium,1879,4,3,2,3,5,3,3,6,5,6
211,BEL,Belgium,1880,4,3,2,3,5,3,3,6,5,6
211,BEL,Belgium,1881,4,3,2,3,5,3,3,6,5,6
211,BEL,Belgium,1882,4,3,2,3,5,3,3,6,5,6
211,BEL,Belgium,1883,4,3,2,3,5,3,3,6,5,6
211,BEL,Belgium,1884,4,3,2,3,5,3,3,6,5,6
211,BEL,Belgium,1885,4,3,2,3,5,3,3,6,5,6
211,BEL,Belgium,1886,4,3,2,3,5,3,3,6,5,6
211,BEL,Belgium,1887,4,3,2,3,5,3,3,6,5,6
211,BEL,Belgium,1888,4,3,2,3,5,3,3,6,5,6
211,BEL,Belgium,1889,4,3,2,3,5,3,3,6,5,6
211,BEL,Belgium,1890,4,3,2,3,5,3,3,6,5,6
211,BEL,Belgium,1891,4,3,2,3,5,3,3,6,5,6
211,BEL,Belgium,1892,4,3,2,3,5,3,3,6,5,6
211,BEL,Belgium,1893,4,3,2,3,5,3,3,6,5,6
211,BEL,Belgium,1894,4,3,2,3,5,3,3,6,5,6
211,BEL,Belgium,1895,4,3,2,3,5,3,3,6,5,6
211,BEL,Belgium,1896,4,3,2,3,5,3,3,6,5,6
211,BEL,Belgium,1897,4,3,2,3,5,3,3,6,5,6
211,BEL,Belgium,1898,4,3,2,3,5,3,3,6,5,6
211,BEL,Belgium,1899,4,3,2,3,5,3,3,6,5,6
211,BEL,Belgium,1900,4,3,2,3,5,3,3,6,5,6
211,BEL,Belgium,1901,4,3,2,3,5,3,3,6,5,6
211,BEL,Belgium,1902,4,3,2,3,5,3,3,6,5,6
211,BEL,Belgium,1903,4,3,2,3,5,3,3,6,5,6
211,BEL,Belgium,1904,4,3,2,3,5,3,3,6,5,6
211,BEL,Belgium,1905,4,3,2,3,5,3,3,6,5,6
211,BEL,Belgium,1906,4,3,2,3,5,3,3,6,5,6
211,BEL,Belgium,1907,4,3,2,3,5,3,3,6,5,6
211,BEL,Belgium,1908,6,3,2,3,7,3,3,6,7,6
211,BEL,Belgium,1909,6,3,2,3,7,3,3,6,7,6
211,BEL,Belgium,1910,6,3,2,3,7,3,3,6,7,6
211,BEL,Belgium,1911,6,3,2,3,7,3,3,6,7,6
211,BEL,Belgium,1912,6,3,2,3,7,3,3,6,7,6
211,BEL,Belgium,1913,6,3,2,3,7,3,3,6,7,6
211,BEL,Belgium,1914,NA,-66,-66,-66,-66,-66,-66,-66,-66,-66
211,BEL,Belgium,1915,6,3,2,3,7,3,3,6,7,6
211,BEL,Belgium,1916,6,3,2,3,7,3,3,6,7,6
211,BEL,Belgium,1917,6,3,2,3,7,3,3,6,7,6
211,BEL,Belgium,1918,6,3,2,3,7,3,3,6,7,6
211,BEL,Belgium,1919,6,3,2,3,7,3,3,6,7,6
211,BEL,Belgium,1920,6,3,2,3,7,3,3,6,7,6
211,BEL,Belgium,1921,6,3,2,3,7,3,3,6,7,6
211,BEL,Belgium,1922,6,3,2,3,7,3,3,6,7,6
211,BEL,Belgium,1923,6,3,2,3,7,3,3,6,7,6
211,BEL,Belgium,1924,6,3,2,3,7,3,3,6,7,6
211,BEL,Belgium,1925,6,3,2,3,7,3,3,6,7,6
211,BEL,Belgium,1926,6,3,2,3,7,3,3,6,7,6
211,BEL,Belgium,1927,6,3,2,3,7,3,3,6,7,6
211,BEL,Belgium,1928,6,3,2,3,7,3,3,6,7,6
211,BEL,Belgium,1929,6,3,2,3,7,3,3,6,7,6
211,BEL,Belgium,1930,6,3,2,3,7,3,3,6,7,6
211,BEL,Belgium,1931,6,3,2,3,7,3,3,6,7,6
211,BEL,Belgium,1932,6,3,2,3,7,3,3,6,7,6
211,BEL,Belgium,1933,6,3,2,3,7,3,3,6,7,6
211,BEL,Belgium,1934,6,3,2,3,7,3,3,6,7,6
211,BEL,Belgium,1935,6,3,2,3,7,3,3,6,7,6
211,BEL,Belgium,1936,6,3,2,3,7,3,3,6,7,6
211,BEL,Belgium,1937,6,3,2,3,7,3,3,6,7,6
211,BEL,Belgium,1938,6,3,2,3,7,3,3,6,7,6
211,BEL,Belgium,1939,6,3,2,3,7,3,3,6,7,6
211,BEL,Belgium,1940,NA,-66,-66,-66,-66,-66,-66,-66,-66,-66
211,BEL,Belgium,1941,NA,-66,-66,-66,-66,-66,-66,-66,-66,-66
211,BEL,Belgium,1942,NA,-66,-66,-66,-66,-66,-66,-66,-66,-66
211,BEL,Belgium,1943,NA,-66,-66,-66,-66,-66,-66,-66,-66,-66
211,BEL,Belgium,1944,8,3,3,4,7,3,4,8,7,8
211,BEL,Belgium,1945,8,3,3,4,7,3,4,8,7,8
211,BEL,Belgium,1946,8,3,3,4,7,3,4,8,7,8
211,BEL,Belgium,1947,8,3,3,4,7,3,4,8,7,8
211,BEL,Belgium,1948,8,3,3,4,7,3,4,8,7,8
211,BEL,Belgium,1949,8,3,3,4,7,3,4,8,7,8
211,BEL,Belgium,1950,8,3,3,4,7,3,4,8,7,8
211,BEL,Belgium,1951,9,3,3,4,7,2,4,8,7,9
211,BEL,Belgium,1952,9,3,3,4,7,2,4,8,7,9
211,BEL,Belgium,1953,9,3,3,4,7,2,4,8,7,9
211,BEL,Belgium,1954,9,3,3,4,7,2,4,8,7,9
211,BEL,Belgium,1955,9,3,3,4,7,2,4,8,7,9
211,BEL,Belgium,1956,9,3,3,4,7,2,4,8,7,9
211,BEL,Belgium,1957,9,3,3,4,7,2,4,8,7,9
211,BEL,Belgium,1958,9,3,3,4,7,2,4,8,7,9
211,BEL,Belgium,1959,9,3,3,4,7,2,4,8,7,9
211,BEL,Belgium,1960,9,3,3,4,7,2,4,8,7,9
211,BEL,Belgium,1961,9,3,3,4,7,2,4,8,7,9
211,BEL,Belgium,1962,9,3,3,4,7,2,4,8,7,9
211,BEL,Belgium,1963,9,3,3,4,7,2,4,8,7,9
211,BEL,Belgium,1964,9,3,3,4,7,2,4,8,7,9
211,BEL,Belgium,1965,9,3,3,4,7,2,4,8,7,9
211,BEL,Belgium,1966,9,3,3,4,7,2,4,8,7,9
211,BEL,Belgium,1967,9,3,3,4,7,2,4,8,7,9
211,BEL,Belgium,1968,9,3,3,4,7,2,4,8,7,9
211,BEL,Belgium,1969,9,3,3,4,7,2,4,8,7,9
211,BEL,Belgium,1970,10,3,3,4,7,5,5,8,7,10
211,BEL,Belgium,1971,10,3,3,4,7,5,5,8,7,10
211,BEL,Belgium,1972,10,3,3,4,7,5,5,8,7,10
211,BEL,Belgium,1973,10,3,3,4,7,5,5,8,7,10
211,BEL,Belgium,1974,10,3,3,4,7,5,5,8,7,10
211,BEL,Belgium,1975,10,3,3,4,7,5,5,8,7,10
211,BEL,Belgium,1976,10,3,3,4,7,5,5,8,7,10
211,BEL,Belgium,1977,10,3,3,4,7,5,5,8,7,10
211,BEL,Belgium,1978,10,3,3,4,7,5,5,8,7,10
211,BEL,Belgium,1979,10,3,3,4,7,5,5,8,7,10
211,BEL,Belgium,1980,10,3,3,4,7,5,5,8,7,10
211,BEL,Belgium,1981,10,3,3,4,7,5,5,8,7,10
211,BEL,Belgium,1982,10,3,3,4,7,5,5,8,7,10
211,BEL,Belgium,1983,10,3,3,4,7,5,5,8,7,10
211,BEL,Belgium,1984,10,3,3,4,7,5,5,8,7,10
211,BEL,Belgium,1985,10,3,3,4,7,5,5,8,7,10
211,BEL,Belgium,1986,10,3,3,4,7,5,5,8,7,10
211,BEL,Belgium,1987,10,3,3,4,7,5,5,8,7,10
211,BEL,Belgium,1988,10,3,3,4,7,5,5,8,7,10
211,BEL,Belgium,1989,10,3,3,4,7,5,5,8,7,10
211,BEL,Belgium,1990,10,3,3,4,7,5,5,8,7,10
211,BEL,Belgium,1991,10,3,3,4,7,5,5,8,7,10
211,BEL,Belgium,1992,10,3,3,4,7,5,5,8,7,10
211,BEL,Belgium,1993,10,3,3,4,7,5,5,8,7,10
211,BEL,Belgium,1994,10,3,3,4,7,5,5,8,7,10
211,BEL,Belgium,1995,10,3,3,4,7,5,5,8,7,10
211,BEL,Belgium,1996,10,3,3,4,7,5,5,8,7,10
211,BEL,Belgium,1997,10,3,3,4,7,5,5,8,7,10
211,BEL,Belgium,1998,10,3,3,4,7,5,5,8,7,10
211,BEL,Belgium,1999,10,3,3,4,7,5,5,8,7,10
211,BEL,Belgium,2000,10,3,3,4,7,5,5,8,7,10
211,BEL,Belgium,2001,10,3,3,4,7,5,5,8,7,10
211,BEL,Belgium,2002,10,3,3,4,7,5,5,8,7,10
211,BEL,Belgium,2003,10,3,3,4,7,5,5,8,7,10
211,BEL,Belgium,2004,10,3,3,4,7,5,5,8,7,10
211,BEL,Belgium,2005,10,3,3,4,7,5,5,8,7,10
211,BEL,Belgium,2006,10,3,3,4,7,5,5,8,7,10
211,BEL,Belgium,2007,8,3,3,4,7,2,3,8,7,7
211,BEL,Belgium,2008,8,3,3,4,7,2,3,8,7,7
211,BEL,Belgium,2009,8,3,3,4,7,2,3,8,7,7
211,BEL,Belgium,2010,8,3,3,4,7,2,3,8,7,7
211,BEL,Belgium,2011,8,3,3,4,7,2,3,8,7,7
211,BEL,Belgium,2012,8,3,3,4,7,2,3,8,7,7
211,BEL,Belgium,2013,8,3,3,4,7,2,3,8,7,7
211,BEL,Belgium,2014,8,3,3,4,7,2,3,8,7,7
211,BEL,Belgium,2015,8,3,3,4,7,2,3,8,7,7
211,BEL,Belgium,2016,8,3,3,4,7,2,3,8,7,7
211,BEL,Belgium,2017,8,3,3,4,7,2,3,8,7,7
211,BEL,Belgium,2018,8,3,3,4,7,2,3,8,7,7
710,CHN,China,1800,-6,3,1,1,1,3,3,1,1,6
710,CHN,China,1801,-6,3,1,1,1,3,3,1,1,6
710,CHN,China,1802,-6,3,1,1,1,3,3,1,1,6
710,CHN,China,1803,-6,3,1,1,1,3,3,1,1,6
710,CHN,China,1804,-6,3,1,1,1,3,3,1,1,6
710,CHN,China,1805,-6,3,1,1,1,3,3,1,1,6
710,CHN,China,1806,-6,3,1,1,1,3,3,1,1,6
710,CHN,China,1807,-6,3,1,1,1,3,3,1,1,6
710,CHN,China,1808,-6,3,1,1,1,3,3,1,1,6
710,CHN,China,1809,-6,3,1,1,1,3,3,1,1,6
710,CHN,China,1810,-6,3,1,1,1,3,3,1,1,6
710,CHN,China,1811,-6,3,1,1,1,3,3,1,1,6
710,CHN,China,1812,-6,3,1,1,1,3,3,1,1,6
710,CHN,China,1813,-6,3,1,1,1,3,3,1,1,6
710,CHN,China,1814,-6,3,1,1,1,3,3,1,1,6
710,CHN,China,1815,-6,3,1,1,1,3,3,1,1,6
710,CHN,China,1816,-6,3,1,1,1,3,3,1,1,6
710,CHN,China,1817,-6,3,1,1,1,3,3,1,1,6
710,CHN,China,1818,-6,3,1,1,1,3,3,1,1,6
710,CHN,China,1819,-6,3,1,1,1,3,3,1,1,6
710,CHN,China,1820,-6,3,1,1,1,3,3,1,1,6
710,CHN,China,1821,-6,3,1,1,1,3,3,1,1,6
710,CHN,China,1822,-6,3,1,1,1,3,3,1,1,6
710,CHN,China,1823,-6,3,1,1,1,3,3,1,1,6
710,CHN,China,1824,-6,3,1,1,1,3,3,1,1,6
710,CHN,China,1825,-6,3,1,1,1,3,3,1,1,6
710,CHN,China,1826,-6,3,1,1,1,3,3,1,1,6
710,CHN,China,1827,-6,3,1,1,1,3,3,1,1,6
710,CHN,China,1828,-6,3,1,1,1,3,3,1,1,6
710,CHN,China,1829,-6,3,1,1,1,3,3,1,1,6
710,CHN,China,1830,-6,3,1,1,1,3,3,1,1,6
710,CHN,China,1831,-6,3,1,1,1,3,3,1,1,6
710,CHN,China,1832,-6,3,1,1,1,3,3,1,1,6
710,CHN,China,1833,-6,3,1,1,1,3,3,1,1,6
710,CHN,China,1834,-6,3,1,1,1,3,3,1,1,6
710,CHN,China,1835,-6,3,1,1,1,3,3,1,1,6
710,CHN,China,1836,-6,3,1,1,1,3,3,1,1,6
710,CHN,China,1837,-6,3,1,1,1,3,3,1,1,6
710,CHN,China,1838,-6,3,1,1,1,3,3,1,1,6
710,CHN,China,1839,-6,3,1,1,1,3,3,1,1,6
710,CHN,China,1840,-6,3,1,1,1,3,3,1,1,6
710,CHN,China,1841,-6,3,1,1,1,3,3,1,1,6
710,CHN,China,1842,-6,3,1,1,1,3,3,1,1,6
710,CHN,China,1843,-6,3,1,1,1,3,3,1,1,6
710,CHN,China,1844,-6,3,1,1,1,3,3,1,1,6
710,CHN,China,1845,-6,3,1,1,1,3,3,1,1,6
710,CHN,China,1846,-6,3,1,1,1,3,3,1,1,6
710,CHN,China,1847,-6,3,1,1,1,3,3,1,1,6
710,CHN,China,1848,-6,3,1,1,1,3,3,1,1,6
710,CHN,China,1849,-6,3,1,1,1,3,3,1,1,6
710,CHN,China,1850,-6,3,1,1,1,3,3,1,1,6
710,CHN,China,1851,-6,3,1,1,1,3,3,1,1,6
710,CHN,China,1852,-6,3,1,1,1,3,3,1,1,6
710,CHN,China,1853,-6,3,1,1,1,3,3,1,1,6
710,CHN,China,1854,-6,3,1,1,1,3,3,1,1,6
710,CHN,China,1855,-6,3,1,1,1,3,3,1,1,6
710,CHN,China,1856,-6,3,1,1,1,3,3,1,1,6
710,CHN,China,1857,-6,3,1,1,1,3,3,1,1,6
710,CHN,China,1858,-6,3,1,1,1,3,3,1,1,6
710,CHN,China,1859,-6,3,1,1,1,3,3,1,1,6
710,CHN,China,1860,NA,-66,-66,-66,-66,-66,-66,-66,-66,-66
710,CHN,China,1861,NA,-66,-66,-66,-66,-66,-66,-66,-66,-66
710,CHN,China,1862,-6,3,1,1,1,3,3,1,1,6
710,CHN,China,1863,-6,3,1,1,1,3,3,1,1,6
710,CHN,China,1864,-6,3,1,1,1,3,3,1,1,6
710,CHN,China,1865,-6,3,1,1,1,3,3,1,1,6
710,CHN,China,1866,-6,3,1,1,1,3,3,1,1,6
710,CHN,China,1867,-6,3,1,1,1,3,3,1,1,6
710,CHN,China,1868,-6,3,1,1,1,3,3,1,1,6
710,CHN,China,1869,-6,3,1,1,1,3,3,1,1,6
710,CHN,China,1870,-6,3,1,1,1,3,3,1,1,6
710,CHN,China,1871,-6,3,1,1,1,3,3,1,1,6
710,CHN,China,1872,-6,3,1,1,1,3,3,1,1,6
710,CHN,China,1873,-6,3,1,1,1,3,3,1,1,6
710,CHN,China,1874,-6,3,1,1,1,3,3,1,1,6
710,CHN,China,1875,-6,3,1,1,1,3,3,1,1,6
710,CHN,China,1876,-6,3,1,1,1,3,3,1,1,6
710,CHN,China,1877,-6,3,1,1,1,3,3,1,1,6
710,CHN,China,1878,-6,3,1,1,1,3,3,1,1,6
710,CHN,China,1879,-6,3,1,1,1,3,3,1,1,6
710,CHN,China,1880,-6,3,1,1,1,3,3,1,1,6
710,CHN,China,1881,-6,3,1,1,1,3,3,1,1,6
710,CHN,China,1882,-6,3,1,1,1,3,3,1,1,6
710,CHN,China,1883,-6,3,1,1,1,3,3,1,1,6
710,CHN,China,1884,-6,3,1,1,1,3,3,1,1,6
710,CHN,China,1885,-6,3,1,1,1,3,3,1,1,6
710,CHN,China,1886,-6,3,1,1,1,3,3,1,1,6
710,CHN,China,1887,-6,3,1,1,1,3,3,1,1,6
710,CHN,China,1888,-6,3,1,1,1,3,3,1,1,6
710,CHN,China,1889,-6,3,1,1,1,3,3,1,1,6
710,CHN,China,1890,-6,3,1,1,1,3,3,1,1,6
710,CHN,China,1891,-6,3,1,1,1,3,3,1,1,6
710,CHN,China,1892,-6,3,1,1,1,3,3,1,1,6
710,CHN,China,1893,-6,3,1,1,1,3,3,1,1,6
710,CHN,China,1894,-6,3,1,1,1,3,3,1,1,6
710,CHN,China,1895,-6,3,1,1,1,3,3,1,1,6
710,CHN,China,1896,-6,3,1,1,1,3,3,1,1,6
710,CHN,China,1897,-6,3,1,1,1,3,3,1,1,6
710,CHN,China,1898,-6,3,1,1,1,3,3,1,1,6
710,CHN,China,1899,-6,3,1,1,1,3,3,1,1,6
710,CHN,China,1900,-6,3,1,1,1,3,3,1,1,6
710,CHN,China,1901,-6,3,1,1,1,3,3,1,1,6
710,CHN,China,1902,-6,3,1,1,1,3,3,1,1,6
710,CHN,China,1903,-6,3,1,1,1,3,3,1,1,6
710,CHN,China,1904,-6,3,1,1,1,3,3,1,1,6
710,CHN,China,1905,-6,3,1,1,1,3,3,1,1,6
710,CHN,China,1906,-6,3,1,1,1,3,3,1,1,6
710,CHN,China,1907,-6,3,1,1,1,3,3,1,1,6
710,CHN,China,1908,-6,3,1,1,1,3,3,1,1,6
710,CHN,China,1909,-6,3,1,1,1,3,3,1,1,6
710,CHN,China,1910,-6,3,1,1,1,3,3,1,1,6
710,CHN,China,1911,-2,-88,-88,-88,-88,-88,-88,-88,-88,-88
710,CHN,China,1912,2,1,0,0,5,3,3,4,5,6
710,CHN,China,1913,-2,-88,-88,-88,-88,-88,-88,-88,-88,-88
710,CHN,China,1914,-5,2,1,4,1,3,3,3,1,6
710,CHN,China,1915,-5,2,1,4,1,3,3,3,1,6
710,CHN,China,1916,-5,2,1,4,1,3,3,3,1,6
710,CHN,China,1917,-5,2,1,4,1,3,3,3,1,6
710,CHN,China,1918,-5,2,1,4,1,3,3,3,1,6
710,CHN,China,1919,-5,2,1,4,1,3,3,3,1,6
710,CHN,China,1920,-5,2,1,4,1,3,3,3,1,6
710,CHN,China,1921,-5,2,1,4,1,3,3,3,1,6
710,CHN,China,1922,-5,2,1,4,1,3,3,3,1,6
710,CHN,China,1923,-5,2,1,4,1,3,3,3,1,6
710,CHN,China,1924,-5,2,1,4,1,3,3,3,1,6
710,CHN,China,1925,-5,2,1,4,1,3,3,3,1,6
710,CHN,China,1926,-5,2,1,4,1,3,3,3,1,6
710,CHN,China,1927,-5,2,1,4,1,3,3,3,1,6
710,CHN,China,1928,-5,2,1,4,1,3,3,3,1,6
710,CHN,China,1929,-5,2,1,4,1,3,3,3,1,6
710,CHN,China,1930,-5,2,1,4,1,3,3,3,1,6
710,CHN,China,1931,-5,2,1,4,1,3,3,3,1,6
710,CHN,China,1932,-5,2,1,4,1,3,3,3,1,6
710,CHN,China,1933,-5,2,1,4,1,3,3,3,1,6
710,CHN,China,1934,-5,2,1,4,1,3,3,3,1,6
710,CHN,China,1935,-5,2,1,4,1,3,3,3,1,6
710,CHN,China,1936,-5,2,1,4,1,3,3,3,1,6
710,CHN,China,1937,NA,-66,-66,-66,-66,-66,-66,-66,-66,-66
710,CHN,China,1938,NA,-66,-66,-66,-66,-66,-66,-66,-66,-66
710,CHN,China,1939,NA,-66,-66,-66,-66,-66,-66,-66,-66,-66
710,CHN,China,1940,NA,-66,-66,-66,-66,-66,-66,-66,-66,-66
710,CHN,China,1941,NA,-66,-66,-66,-66,-66,-66,-66,-66,-66
710,CHN,China,1942,NA,-66,-66,-66,-66,-66,-66,-66,-66,-66
710,CHN,China,1943,NA,-66,-66,-66,-66,-66,-66,-66,-66,-66
710,CHN,China,1944,NA,-66,-66,-66,-66,-66,-66,-66,-66,-66
710,CHN,China,1945,NA,-66,-66,-66,-66,-66,-66,-66,-66,-66
710,CHN,China,1946,-5,2,1,4,1,3,3,3,1,6
710,CHN,China,1947,-5,2,1,4,1,3,3,3,1,6
710,CHN,China,1948,-5,2,1,4,1,3,3,3,1,6
710,CHN,China,1949,-8,2,1,4,2,4,1,3,2,1
710,CHN,China,1950,-8,2,1,4,2,4,1,3,2,1
710,CHN,China,1951,-8,2,1,4,2,4,1,3,2,1
710,CHN,China,1952,-8,2,1,4,2,4,1,3,2,1
710,CHN,China,1953,-8,2,1,4,2,4,1,3,2,1
710,CHN,China,1954,-8,2,1,4,2,4,1,3,2,1
710,CHN,China,1955,-8,2,1,4,2,4,1,3,2,1
710,CHN,China,1956,-8,2,1,4,2,4,1,3,2,1
710,CHN,China,1957,-8,2,1,4,2,4,1,3,2,1
710,CHN,China,1958,-8,2,1,4,2,4,1,3,2,1
710,CHN,China,1959,-8,2,1,4,2,4,1,3,2,1
710,CHN,China,1960,-8,2,1,4,2,4,1,3,2,1
710,CHN,China,1961,-8,2,1,4,2,4,1,3,2,1
710,CHN,China,1962,-8,2,1,4,2,4,1,3,2,1
710,CHN,China,1963,-8,2,1,4,2,4,1,3,2,1
710,CHN,China,1964,-8,2,1,4,2,4,1,3,2,1
710,CHN,China,1965,-8,2,1,4,2,4,1,3,2,1
710,CHN,China,1966,-9,2,1,4,1,4,1,3,1,1
710,CHN,China,1967,-9,2,1,4,1,4,1,3,1,1
710,CHN,China,1968,-9,2,1,4,1,4,1,3,1,1
710,CHN,China,1969,-8,2,1,4,2,4,1,3,2,1
710,CHN,China,1970,-8,2,1,4,2,4,1,3,2,1
710,CHN,China,1971,-8,2,1,4,2,4,1,3,2,1
710,CHN,China,1972,-8,2,1,4,2,4,1,3,2,1
710,CHN,China,1973,-8,2,1,4,2,4,1,3,2,1
710,CHN,China,1974,-8,2,1,4,2,4,1,3,2,1
710,CHN,China,1975,-8,2,1,4,2,4,1,3,2,1
710,CHN,China,1976,-7,2,1,4,3,4,1,3,3,1
710,CHN,China,1977,-7,2,1,4,3,4,1,3,3,1
710,CHN,China,1978,-7,2,1,4,3,4,1,3,3,1
710,CHN,China,1979,-7,2,1,4,3,4,1,3,3,1
710,CHN,China,1980,-7,2,1,4,3,4,1,3,3,1
710,CHN,China,1981,-7,2,1,4,3,4,1,3,3,1
710,CHN,China,1982,-7,2,1,4,3,4,1,3,3,1
710,CHN,China,1983,-7,2,1,4,3,4,1,3,3,1
710,CHN,China,1984,-7,2,1,4,3,4,1,3,3,1
710,CHN,China,1985,-7,2,1,4,3,4,1,3,3,1
710,CHN,China,1986,-7,2,1,4,3,4,1,3,3,1
710,CHN,China,1987,-7,2,1,4,3,4,1,3,3,1
710,CHN,China,1988,-7,2,1,4,3,4,1,3,3,1
710,CHN,China,1989,-7,2,1,4,3,4,1,3,3,1
710,CHN,China,1990,-7,2,1,4,3,4,1,3,3,1
710,CHN,China,1991,-7,2,1,4,3,4,1,3,3,1
710,CHN,China,1992,-7,2,1,4,3,4,1,3,3,1
710,CHN,China,1993,-7,2,1,4,3,4,1,3,3,1
710,CHN,China,1994,-7,2,1,4,3,4,1,3,3,1
710,CHN,China,1995,-7,2,1,4,3,4,1,3,3,1
710,CHN,China,1996,-7,2,1,4,3,4,1,3,3,1
710,CHN,China,1997,-7,2,1,4,3,4,1,3,3,1
710,CHN,China,1998,-7,2,1,4,3,4,1,3,3,1
710,CHN,China,1999,-7,2,1,4,3,4,1,3,3,1
710,CHN,China,2000,-7,2,1,4,3,4,1,3,3,1
710,CHN,China,2001,-7,2,1,4,3,4,1,3,3,1
710,CHN,China,2002,-7,2,1,4,3,4,1,3,3,1
710,CHN,China,2003,-7,2,1,4,3,4,1,3,3,1
710,CHN,China,2004,-7,2,1,4,3,4,1,3,3,1
710,CHN,China,2005,-7,2,1,4,3,4,1,3,3,1
710,CHN,China,2006,-7,2,1,4,3,4,1,3,3,1
710,CHN,China,2007,-7,2,1,4,3,4,1,3,3,1
710,CHN,China,2008,-7,2,1,4,3,4,1,3,3,1
710,CHN,China,2009,-7,2,1,4,3,4,1,3,3,1
710,CHN,China,2010,-7,2,1,4,3,4,1,3,3,1
710,CHN,China,2011,-7,2,1,4,3,4,1,3,3,1
710,CHN,China,2012,-7,2,1,4,3,4,1,3,3,1
710,CHN,China,2013,-7,2,1,4,3,4,1,3,3,1
710,CHN,China,2014,-7,2,1,4,3,4,1,3,3,1
710,CHN,China,2015,-7,2,1,4,3,4,1,3,3,1
710,CHN,China,2016,-7,2,1,4,3,4,1,3,3,1
710,CHN,China,2017,-7,2,1,4,3,4,1,3,3,1
710,CHN,China,2018,-7,2,1,4,3,4,1,3,3,1
740,JPN,Japan,1800,-10,3,1,1,1,4,1,1,1,1
740,JPN,Japan,1801,-10,3,1,1,1,4,1,1,1,1
740,JPN,Japan,1802,-10,3,1,1,1,4,1,1,1,1
740,JPN,Japan,1803,-10,3,1,1,1,4,1,1,1,1
740,JPN,Japan,1804,-10,3,1,1,1,4,1,1,1,1
740,JPN,Japan,1805,-10,3,1,1,1,4,1,1,1,1
740,JPN,Japan,1806,-10,3,1,1,1,4,1,1,1,1
740,JPN,Japan,1807,-10,3,1,1,1,4,1,1,1,1
740,JPN,Japan,1808,-10,3,1,1,1,4,1,1,1,1
740,JPN,Japan,1809,-10,3,1,1,1,4,1,1,1,1
740,JPN,Japan,1810,-10,3,1,1,1,4,1,1,1,1
740,JPN,Japan,1811,-10,3,1,1,1,4,1,1,1,1
740,JPN,Japan,1812,-10,3,1,1,1,4,1,1,1,1
740,JPN,Japan,1813,-10,3,1,1,1,4,1,1,1,1
740,JPN,Japan,1814,-10,3,1,1,1,4,1,1,1,1
740,JPN,Japan,1815,-10,3,1,1,1,4,1,1,1,1
740,JPN,Japan,1816,-10,3,1,1,1,4,1,1,1,1
740,JPN,Japan,1817,-10,3,1,1,1,4,1,1,1,1
740,JPN,Japan,1818,-10,3,1,1,1,4,1,1,1,1
740,JPN,Japan,1819,-10,3,1,1,1,4,1,1,1,1
740,JPN,Japan,1820,-10,3,1,1,1,4,1,1,1,1
740,JPN,Japan,1821,-10,3,1,1,1,4,1,1,1,1
740,JPN,Japan,1822,-10,3,1,1,1,4,1,1,1,1
740,JPN,Japan,1823,-10,3,1,1,1,4,1,1,1,1
740,JPN,Japan,1824,-10,3,1,1,1,4,1,1,1,1
740,JPN,Japan,1825,-10,3,1,1,1,4,1,1,1,1
740,JPN,Japan,1826,-10,3,1,1,1,4,1,1,1,1
740,JPN,Japan,1827,-10,3,1,1,1,4,1,1,1,1
740,JPN,Japan,1828,-10,3,1,1,1,4,1,1,1,1
740,JPN,Japan,1829,-10,3,1,1,1,4,1,1,1,1
740,JPN,Japan,1830,-10,3,1,1,1,4,1,1,1,1
740,JPN,Japan,1831,-10,3,1,1,1,4,1,1,1,1
740,JPN,Japan,1832,-10,3,1,1,1,4,1,1,1,1
740,JPN,Japan,1833,-10,3,1,1,1,4,1,1,1,1
740,JPN,Japan,1834,-10,3,1,1,1,4,1,1,1,1
740,JPN,Japan,1835,-10,3,1,1,1,4,1,1,1,1
740,JPN,Japan,1836,-10,3,1,1,1,4,1,1,1,1
740,JPN,Japan,1837,-10,3,1,1,1,4,1,1,1,1
740,JPN,Japan,1838,-10,3,1,1,1,4,1,1,1,1
740,JPN,Japan,1839,-10,3,1,1,1,4,1,1,1,1
740,JPN,Japan,1840,-10,3,1,1,1,4,1,1,1,1
740,JPN,Japan,1841,-10,3,1,1,1,4,1,1,1,1
740,JPN,Japan,1842,-10,3,1,1,1,4,1,1,1,1
740,JPN,Japan,1843,-10,3,1,1,1,4,1,1,1,1
740,JPN,Japan,1844,-10,3,1,1,1,4,1,1,1,1
740,JPN,Japan,1845,-10,3,1,1,1,4,1,1,1,1
740,JPN,Japan,1846,-10,3,1,1,1,4,1,1,1,1
740,JPN,Japan,1847,-10,3,1,1,1,4,1,1,1,1
740,JPN,Japan,1848,-10,3,1,1,1,4,1,1,1,1
740,JPN,Japan,1849,-10,3,1,1,1,4,1,1,1,1
740,JPN,Japan,1850,-10,3,1,1,1,4,1,1,1,1
740,JPN,Japan,1851,-10,3,1,1,1,4,1,1,1,1
740,JPN,Japan,1852,-10,3,1,1,1,4,1,1,1,1
740,JPN,Japan,1853,-10,3,1,1,1,4,1,1,1,1
740,JPN,Japan,1854,-10,3,1,1,1,4,1,1,1,1
740,JPN,Japan,1855,-10,3,1,1,1,4,1,1,1,1
740,JPN,Japan,1856,-10,3,1,1,1,4,1,1,1,1
740,JPN,Japan,1857,-10,3,1,1,1,4,1,1,1,1
740,JPN,Japan,1858,-9,-88,-88,-88,-88,-88,-88,-88,-88,-88
740,JPN,Japan,1859,-8,-88,-88,-88,-88,-88,-88,-88,-88,-88
740,JPN,Japan,1860,-7,-88,-88,-88,-88,-88,-88,-88,-88,-88
740,JPN,Japan,1861,-6,-88,-88,-88,-88,-88,-88,-88,-88,-88
740,JPN,Japan,1862,-5,-88,-88,-88,-88,-88,-88,-88,-88,-88
740,JPN,Japan,1863,-4,-88,-88,-88,-88,-88,-88,-88,-88,-88
740,JPN,Japan,1864,-3,-88,-88,-88,-88,-88,-88,-88,-88,-88
740,JPN,Japan,1865,-2,-88,-88,-88,-88,-88,-88,-88,-88,-88
740,JPN,Japan,1866,-1,-88,-88,-88,-88,-88,-88,-88,-88,-88
740,JPN,Japan,1867,0,-88,-88,-88,-88,-88,-88,-88,-88,-88
740,JPN,Japan,1868,1,3,1,2,7,3,3,2,7,6
740,JPN,Japan,1869,1,3,1,2,7,3,3,2,7,6
740,JPN,Japan,1870,1,3,1,2,7,3,3,2,7,6
740,JPN,Japan,1871,1,3,1,2,7,3,3,2,7,6
740,JPN,Japan,1872,1,3,1,2,7,3,3,2,7,6
740,JPN,Japan,1873,1,3,1,2,7,3,3,2,7,6
740,JPN,Japan,1874,1,3,1,2,7,3,3,2,7,6
740,JPN,Japan,1875,1,3,1,2,7,3,3,2,7,6
740,JPN,Japan,1876,1,3,1,2,7,3,3,2,7,6
740,JPN,Japan,1877,1,3,1,2,7,3,3,2,7,6
740,JPN,Japan,1878,1,3,1,2,7,3,3,2,7,6
740,JPN,Japan,1879,1,3,1,2,7,3,3,2,7,6
740,JPN,Japan,1880,1,3,1,2,7,3,3,2,7,6
740,JPN,Japan,1881,1,3,1,2,7,3,3,2,7,6
740,JPN,Japan,1882,1,3,1,2,7,3,3,2,7,6
740,JPN,Japan,1883,1,3,1,2,7,3,3,2,7,6
740,JPN,Japan,1884,1,3,1,2,7,3,3,2,7,6
740,JPN,Japan,1885,1,3,1,2,7,3,3,2,7,6
740,JPN,Japan,1886,1,3,1,2,7,3,3,2,7,6
740,JPN,Japan,1887,1,3,1,2,7,3,3,2,7,6
740,JPN,Japan,1888,1,3,1,2,7,3,3,2,7,6
740,JPN,Japan,1889,1,3,1,2,7,3,3,2,7,6
740,JPN,Japan,1890,1,3,1,2,7,3,3,2,7,6
740,JPN,Japan,1891,1,3,1,2,7,3,3,2,7,6
740,JPN,Japan,1892,1,3,1,2,7,3,3,2,7,6
740,JPN,Japan,1893,1,3,1,2,7,3,3,2,7,6
740,JPN,Japan,1894,1,3,1,2,7,3,3,2,7,6
740,JPN,Japan,1895,1,3,1,2,7,3,3,2,7,6
740,JPN,Japan,1896,1,3,1,2,7,3,3,2,7,6
740,JPN,Japan,1897,1,3,1,2,7,3,3,2,7,6
740,JPN,Japan,1898,1,3,1,2,7,3,3,2,7,6
740,JPN,Japan,1899,1,3,1,2,7,3,3,2,7,6
740,JPN,Japan,1900,1,3,1,2,7,3,3,2,7,6
740,JPN,Japan,1901,1,3,1,2,7,3,3,2,7,6
740,JPN,Japan,1902,1,3,1,2,7,3,3,2,7,6
740,JPN,Japan,1903,1,3,1,2,7,3,3,2,7,6
740,JPN,Japan,1904,1,3,1,2,7,3,3,2,7,6
740,JPN,Japan,1905,1,3,1,2,7,3,3,2,7,6
740,JPN,Japan,1906,1,3,1,2,7,3,3,2,7,6
740,JPN,Japan,1907,1,3,1,2,7,3,3,2,7,6
740,JPN,Japan,1908,1,3,1,2,7,3,3,2,7,6
740,JPN,Japan,1909,1,3,1,2,7,3,3,2,7,6
740,JPN,Japan,1910,1,3,1,2,7,3,3,2,7,6
740,JPN,Japan,1911,1,3,1,2,7,3,3,2,7,6
740,JPN,Japan,1912,1,3,1,2,7,3,3,2,7,6
740,JPN,Japan,1913,1,3,1,2,7,3,3,2,7,6
740,JPN,Japan,1914,1,3,1,2,7,3,3,2,7,6
740,JPN,Japan,1915,1,3,1,2,7,3,3,2,7,6
740,JPN,Japan,1916,1,3,1,2,7,3,3,2,7,6
740,JPN,Japan,1917,1,3,1,2,7,3,3,2,7,6
740,JPN,Japan,1918,1,3,1,2,7,3,3,2,7,6
740,JPN,Japan,1919,1,3,1,2,7,3,3,2,7,6
740,JPN,Japan,1920,1,3,1,2,7,3,3,2,7,6
740,JPN,Japan,1921,1,3,1,2,7,3,3,2,7,6
740,JPN,Japan,1922,1,3,1,2,7,3,3,2,7,6
740,JPN,Japan,1923,1,3,1,2,7,3,3,2,7,6
740,JPN,Japan,1924,1,3,1,2,7,3,3,2,7,6
740,JPN,Japan,1925,1,3,1,2,7,3,3,2,7,6
740,JPN,Japan,1926,1,3,1,2,7,3,3,2,7,6
740,JPN,Japan,1927,1,3,1,2,7,3,3,2,7,6
740,JPN,Japan,1928,1,3,1,2,7,3,3,2,7,6
740,JPN,Japan,1929,1,3,1,2,7,3,3,2,7,6
740,JPN,Japan,1930,1,3,1,2,7,3,3,2,7,6
740,JPN,Japan,1931,1,3,1,2,7,3,3,2,7,6
740,JPN,Japan,1932,1,3,1,2,7,3,3,2,7,6
740,JPN,Japan,1933,1,3,1,2,7,3,3,2,7,6
740,JPN,Japan,1934,1,3,1,2,7,3,3,2,7,6
740,JPN,Japan,1935,1,3,1,2,7,3,3,2,7,6
740,JPN,Japan,1936,1,3,1,2,7,3,3,2,7,6
740,JPN,Japan,1937,1,3,1,2,7,3,3,2,7,6
740,JPN,Japan,1938,1,3,1,2,7,3,3,2,7,6
740,JPN,Japan,1939,1,3,1,2,7,3,3,2,7,6
740,JPN,Japan,1940,1,3,1,2,7,3,3,2,7,6
740,JPN,Japan,1941,1,3,1,2,7,3,3,2,7,6
740,JPN,Japan,1942,1,3,1,2,7,3,3,2,7,6
740,JPN,Japan,1943,1,3,1,2,7,3,3,2,7,6
740,JPN,Japan,1944,1,3,1,2,7,3,3,2,7,6
740,JPN,Japan,1945,NA,-66,-66,-66,-66,-66,-66,-66,-66,-66
740,JPN,Japan,1946,NA,-66,-66,-66,-66,-66,-66,-66,-66,-66
740,JPN,Japan,1947,NA,-66,-66,-66,-66,-66,-66,-66,-66,-66
740,JPN,Japan,1948,NA,-66,-66,-66,-66,-66,-66,-66,-66,-66
740,JPN,Japan,1949,NA,-66,-66,-66,-66,-66,-66,-66,-66,-66
740,JPN,Japan,1950,NA,-66,-66,-66,-66,-66,-66,-66,-66,-66
740,JPN,Japan,1951,NA,-66,-66,-66,-66,-66,-66,-66,-66,-66
740,JPN,Japan,1952,10,3,3,4,7,5,5,8,7,10
740,JPN,Japan,1953,10,3,3,4,7,5,5,8,7,10
740,JPN,Japan,1954,10,3,3,4,7,5,5,8,7,10
740,JPN,Japan,1955,10,3,3,4,7,5,5,8,7,10
740,JPN,Japan,1956,10,3,3,4,7,5,5,8,7,10
740,JPN,Japan,1957,10,3,3,4,7,5,5,8,7,10
740,JPN,Japan,1958,10,3,3,4,7,5,5,8,7,10
740,JPN,Japan,1959,10,3,3,4,7,5,5,8,7,10
740,JPN,Japan,1960,10,3,3,4,7,5,5,8,7,10
740,JPN,Japan,1961,10,3,3,4,7,5,5,8,7,10
740,JPN,Japan,1962,10,3,3,4,7,5,5,8,7,10
740,JPN,Japan,1963,10,3,3,4,7,5,5,8,7,10
740,JPN,Japan,1964,10,3,3,4,7,5,5,8,7,10
740,JPN,Japan,1965,10,3,3,4,7,5,5,8,7,10
740,JPN,Japan,1966,10,3,3,4,7,5,5,8,7,10
740,JPN,Japan,1967,10,3,3,4,7,5,5,8,7,10
740,JPN,Japan,1968,10,3,3,4,7,5,5,8,7,10
740,JPN,Japan,1969,10,3,3,4,7,5,5,8,7,10
740,JPN,Japan,1970,10,3,3,4,7,5,5,8,7,10
740,JPN,Japan,1971,10,3,3,4,7,5,5,8,7,10
740,JPN,Japan,1972,10,3,3,4,7,5,5,8,7,10
740,JPN,Japan,1973,10,3,3,4,7,5,5,8,7,10
740,JPN,Japan,1974,10,3,3,4,7,5,5,8,7,10
740,JPN,Japan,1975,10,3,3,4,7,5,5,8,7,10
740,JPN,Japan,1976,10,3,3,4,7,5,5,8,7,10
740,JPN,Japan,1977,10,3,3,4,7,5,5,8,7,10
740,JPN,Japan,1978,10,3,3,4,7,5,5,8,7,10
740,JPN,Japan,1979,10,3,3,4,7,5,5,8,7,10
740,JPN,Japan,1980,10,3,3,4,7,5,5,8,7,10
740,JPN,Japan,1981,10,3,3,4,7,5,5,8,7,10
740,JPN,Japan,1982,10,3,3,4,7,5,5,8,7,10
740,JPN,Japan,1983,10,3,3,4,7,5,5,8,7,10
740,JPN,Japan,1984,10,3,3,4,7,5,5,8,7,10
740,JPN,Japan,1985,10,3,3,4,7,5,5,8,7,10
740,JPN,Japan,1986,10,3,3,4,7,5,5,8,7,10
740,JPN,Japan,1987,10,3,3,4,7,5,5,8,7,10
740,JPN,Japan,1988,10,3,3,4,7,5,5,8,7,10
740,JPN,Japan,1989,10,3,3,4,7,5,5,8,7,10
740,JPN,Japan,1990,10,3,3,4,7,5,5,8,7,10
740,JPN,Japan,1991,10,3,3,4,7,5,5,8,7,10
740,JPN,Japan,1992,10,3,3,4,7,5,5,8,7,10
740,JPN,Japan,1993,10,3,3,4,7,5,5,8,7,10
740,JPN,Japan,1994,10,3,3,4,7,5,5,8,7,10
740,JPN,Japan,1995,10,3,3,4,7,5,5,8,7,10
740,JPN,Japan,1996,10,3,3,4,7,5,5,8,7,10
740,JPN,Japan,1997,10,3,3,4,7,5,5,8,7,10
740,JPN,Japan,1998,10,3,3,4,7,5,5,8,7,10
740,JPN,Japan,1999,10,3,3,4,7,5,5,8,7,10
740,JPN,Japan,2000,10,3,3,4,7,5,5,8,7,10
740,JPN,Japan,2001,10,3,3,4,7,5,5,8,7,10
740,JPN,Japan,2002,10,3,3,4,7,5,5,8,7,10
740,JPN,Japan,2003,10,3,3,4,7,5,5,8,7,10
740,JPN,Japan,2004,10,3,3,4,7,5,5,8,7,10
740,JPN,Japan,2005,10,3,3,4,7,5,5,8,7,10
740,JPN,Japan,2006,10,3,3,4,7,5,5,8,7,10
740,JPN,Japan,2007,10,3,3,4,7,5,5,8,7,10
740,JPN,Japan,2008,10,3,3,4,7,5,5,8,7,10
740,JPN,Japan,2009,10,3,3,4,7,5,5,8,7,10
740,JPN,Japan,2010,10,3,3,4,7,5,5,8,7,10
740,JPN,Japan,2011,10,3,3,4,7,5,5,8,7,10
740,JPN,Japan,2012,10,3,3,4,7,5,5,8,7,10
740,JPN,Japan,2013,10,3,3,4,7,5,5,8,7,10
740,JPN,Japan,2014,10,3,3,4,7,5,5,8,7,10
740,JPN,Japan,2015,10,3,3,4,7,5,5,8,7,10
740,JPN,Japan,2016,10,3,3,4,7,5,5,8,7,10
740,JPN,Japan,2017,10,3,3,4,7,5,5,8,7,10
740,JPN,Japan,2018,10,3,3,4,7,5,5,8,7,10
70,MEX,Mexico,1822,-1,1,0,0,3,3,3,4,3,6
70,MEX,Mexico,1823,-1,1,0,0,3,3,3,4,3,6
70,MEX,Mexico,1824,-1,1,0,0,3,3,3,4,3,6
70,MEX,Mexico,1825,-1,1,0,0,3,3,3,4,3,6
70,MEX,Mexico,1826,-1,1,0,0,3,3,3,4,3,6
70,MEX,Mexico,1827,-1,1,0,0,3,3,3,4,3,6
70,MEX,Mexico,1828,-1,1,0,0,3,3,3,4,3,6
70,MEX,Mexico,1829,-1,1,0,0,3,3,3,4,3,6
70,MEX,Mexico,1830,-1,1,0,0,3,3,3,4,3,6
70,MEX,Mexico,1831,-1,1,0,0,3,3,3,4,3,6
70,MEX,Mexico,1832,-1,1,0,0,3,3,3,4,3,6
70,MEX,Mexico,1833,-1,1,0,0,3,3,3,4,3,6
70,MEX,Mexico,1834,-2,-88,-88,-88,-88,-88,-88,-88,-88,-88
70,MEX,Mexico,1835,-3,1,0,0,1,3,3,4,1,6
70,MEX,Mexico,1836,-3,1,0,0,1,3,3,4,1,6
70,MEX,Mexico,1837,-3,1,0,0,1,3,3,4,1,6
70,MEX,Mexico,1838,-3,1,0,0,1,3,3,4,1,6
70,MEX,Mexico,1839,-3,1,0,0,1,3,3,4,1,6
70,MEX,Mexico,1840,-3,1,0,0,1,3,3,4,1,6
70,MEX,Mexico,1841,-3,1,0,0,1,3,3,4,1,6
70,MEX,Mexico,1842,-3,1,0,0,1,3,3,4,1,6
70,MEX,Mexico,1843,-3,1,0,0,1,3,3,4,1,6
70,MEX,Mexico,1844,-3,1,0,0,1,3,3,4,1,6
70,MEX,Mexico,1845,-3,1,0,0,1,3,3,4,1,6
70,MEX,Mexico,1846,NA,-66,-66,-66,-66,-66,-66,-66,-66,-66
70,MEX,Mexico,1847,NA,-66,-66,-66,-66,-66,-66,-66,-66,-66
70,MEX,Mexico,1848,-3,1,0,0,1,3,3,4,1,6
70,MEX,Mexico,1849,-3,1,0,0,1,3,3,4,1,6
70,MEX,Mexico,1850,-3,1,0,0,1,3,3,4,1,6
70,MEX,Mexico,1851,-3,1,0,0,1,3,3,4,1,6
70,MEX,Mexico,1852,-3,1,0,0,1,3,3,4,1,6
70,MEX,Mexico,1853,-3,1,0,0,1,3,3,4,1,6
70,MEX,Mexico,1854,-3,1,0,0,1,3,3,4,1,6
70,MEX,Mexico,1855,-3,1,0,0,1,3,3,4,1,6
70,MEX,Mexico,1856,-3,1,0,0,1,3,3,4,1,6
70,MEX,Mexico,1857,-3,1,0,0,1,3,3,4,1,6
70,MEX,Mexico,1858,-3,1,0,0,1,3,3,4,1,6
70,MEX,Mexico,1859,-3,1,0,0,1,3,3,4,1,6
70,MEX,Mexico,1860,-3,1,0,0,1,3,3,4,1,6
70,MEX,Mexico,1861,-3,1,0,0,1,3,3,4,1,6
70,MEX,Mexico,1862,-3,1,0,0,1,3,3,4,1,6
70,MEX,Mexico,1863,NA,-66,-66,-66,-66,-66,-66,-66,-66,-66
70,MEX,Mexico,1864,-3,1,0,0,1,3,3,4,1,6
70,MEX,Mexico,1865,-3,1,0,0,1,3,3,4,1,6
70,MEX,Mexico,1866,-3,1,0,0,1,3,3,4,1,6
70,MEX,Mexico,1867,-5,2,1,4,1,3,3,3,1,6
70,MEX,Mexico,1868,-5,2,1,4,1,3,3,3,1,6
70,MEX,Mexico,1869,-5,2,1,4,1,3,3,3,1,6
70,MEX,Mexico,1870,-5,2,1,4,1,3,3,3,1,6
70,MEX,Mexico,1871,-5,2,1,4,1,3,3,3,1,6
70,MEX,Mexico,1872,-5,2,1,4,1,3,3,3,1,6
70,MEX,Mexico,1873,-5,2,1,4,1,3,3,3,1,6
70,MEX,Mexico,1874,-5,2,1,4,1,3,3,3,1,6
70,MEX,Mexico,1875,-5,2,1,4,1,3,3,3,1,6
70,MEX,Mexico,1876,-6,-88,-88,-88,-88,-88,-88,-88,-88,-88
70,MEX,Mexico,1877,-7,-88,-88,-88,-88,-88,-88,-88,-88,-88
70,MEX,Mexico,1878,-8,-88,-88,-88,-88,-88,-88,-88,-88,-88
70,MEX,Mexico,1879,-9,-88,-88,-88,-88,-88,-88,-88,-88,-88
70,MEX,Mexico,1880,-9,2,1,4,1,4,1,3,1,1
70,MEX,Mexico,1881,-9,2,1,4,1,4,1,3,1,1
70,MEX,Mexico,1882,-9,2,1,4,1,4,1,3,1,1
70,MEX,Mexico,1883,-9,2,1,4,1,4,1,3,1,1
70,MEX,Mexico,1884,-9,2,1,4,1,4,1,3,1,1
70,MEX,Mexico,1885,-9,2,1,4,1,4,1,3,1,1
70,MEX,Mexico,1886,-9,2,1,4,1,4,1,3,1,1
70,MEX,Mexico,1887,-9,2,1,4,1,4,1,3,1,1
70,MEX,Mexico,1888,-9,2,1,4,1,4,1,3,1,1
70,MEX,Mexico,1889,-9,2,1,4,1,4,1,3,1,1
70,MEX,Mexico,1890,-9,2,1,4,1,4,1,3,1,1
70,MEX,Mexico,1891,-9,2,1,4,1,4,1,3,1,1
70,MEX,Mexico,1892,-9,2,1,4,1,4,1,3,1,1
70,MEX,Mexico,1893,-9,2,1,4,1,4,1,3,1,1
70,MEX,Mexico,1894,-9,2,1,4,1,4,1,3,1,1
70,MEX,Mexico,1895,-9,2,1,4,1,4,1,3,1,1
70,MEX,Mexico,1896,-9,2,1,4,1,4,1,3,1,1
70,MEX,Mexico,1897,-9,2,1,4,1,4,1,3,1,1
70,MEX,Mexico,1898,-9,2,1,4,1,4,1,3,1,1
70,MEX,Mexico,1899,-9,2,1,4,1,4,1,3,1,1
70,MEX,Mexico,1900,-9,2,1,4,1,4,1,3,1,1
70,MEX,Mexico,1901,-9,2,1,4,1,4,1,3,1,1
70,MEX,Mexico,1902,-9,2,1,4,1,4,1,3,1,1
70,MEX,Mexico,1903,-9,2,1,4,1,4,1,3,1,1
70,MEX,Mexico,1904,-9,2,1,4,1,4,1,3,1,1
70,MEX,Mexico,1905,-9,2,1,4,1,4,1,3,1,1
70,MEX,Mexico,1906,-9,2,1,4,1,4,1,3,1,1
70,MEX,Mexico,1907,-9,2,1,4,1,4,1,3,1,1
70,MEX,Mexico,1908,-9,2,1,4,1,4,1,3,1,1
70,MEX,Mexico,1909,-9,2,1,4,1,4,1,3,1,1
70,MEX,Mexico,1910,-9,2,1,4,1,4,1,3,1,1
70,MEX,Mexico,1911,0,-77,-77,-77,-77,-77,-77,-77,-77,-77
70,MEX,Mexico,1912,0,-77,-77,-77,-77,-77,-77,-77,-77,-77
70,MEX,Mexico,1913,0,-77,-77,-77,-77,-77,-77,-77,-77,-77
70,MEX,Mexico,1914,0,-77,-77,-77,-77,-77,-77,-77,-77,-77
70,MEX,Mexico,1915,0,-77,-77,-77,-77,-77,-77,-77,-77,-77
70,MEX,Mexico,1916,0,-77,-77,-77,-77,-77,-77,-77,-77,-77
70,MEX,Mexico,1917,-1,1,0,0,3,3,3,4,3,6
70,MEX,Mexico,1918,-1,1,0,0,3,3,3,4,3,6
70,MEX,Mexico,1919,-1,1,0,0,3,3,3,4,3,6
70,MEX,Mexico,1920,-1,2,0,0,3,3,3,5,3,6
70,MEX,Mexico,1921,-1,2,0,0,3,3,3,5,3,6
70,MEX,Mexico,1922,-1,2,0,0,3,3,3,5,3,6
70,MEX,Mexico,1923,-1,2,0,0,3,3,3,5,3,6
70,MEX,Mexico,1924,-3,2,1,4,3,3,3,3,3,6
70,MEX,Mexico,1925,-3,2,1,4,3,3,3,3,3,6
70,MEX,Mexico,1926,-3,2,1,4,3,3,3,3,3,6
70,MEX,Mexico,1927,-3,2,1,4,3,3,3,3,3,6
70,MEX,Mexico,1928,-3,2,1,4,3,3,3,3,3,6
70,MEX,Mexico,1929,-3,2,1,4,3,3,3,3,3,6
70,MEX,Mexico,1930,-6,2,1,4,3,4,2,3,3,2
70,MEX,Mexico,1931,-6,2,1,4,3,4,2,3,3,2
70,MEX,Mexico,1932,-6,2,1,4,3,4,2,3,3,2
70,MEX,Mexico,1933,-6,2,1,4,3,4,2,3,3,2
70,MEX,Mexico,1934,-6,2,1,4,3,4,2,3,3,2
70,MEX,Mexico,1935,-6,2,1,4,3,4,2,3,3,2
70,MEX,Mexico,1936,-6,2,1,4,3,4,2,3,3,2
70,MEX,Mexico,1937,-6,2,1,4,3,4,2,3,3,2
70,MEX,Mexico,1938,-6,2,1,4,3,4,2,3,3,2
70,MEX,Mexico,1939,-6,2,1,4,3,4,2,3,3,2
70,MEX,Mexico,1940,-6,2,1,4,3,4,2,3,3,2
70,MEX,Mexico,1941,-6,2,1,4,3,4,2,3,3,2
70,MEX,Mexico,1942,-6,2,1,4,3,4,2,3,3,2
70,MEX,Mexico,1943,-6,2,1,4,3,4,2,3,3,2
70,MEX,Mexico,1944,-6,2,1,4,3,4,2,3,3,2
70,MEX,Mexico,1945,-6,2,1,4,3,4,2,3,3,2
70,MEX,Mexico,1946,-6,2,1,4,3,4,2,3,3,2
70,MEX,Mexico,1947,-6,2,1,4,3,4,2,3,3,2
70,MEX,Mexico,1948,-6,2,1,4,3,4,2,3,3,2
70,MEX,Mexico,1949,-6,2,1,4,3,4,2,3,3,2
70,MEX,Mexico,1950,-6,2,1,4,3,4,2,3,3,2
70,MEX,Mexico,1951,-6,2,1,4,3,4,2,3,3,2
70,MEX,Mexico,1952,-6,2,1,4,3,4,2,3,3,2
70,MEX,Mexico,1953,-6,2,1,4,3,4,2,3,3,2
70,MEX,Mexico,1954,-6,2,1,4,3,4,2,3,3,2
70,MEX,Mexico,1955,-6,2,1,4,3,4,2,3,3,2
70,MEX,Mexico,1956,-6,2,1,4,3,4,2,3,3,2
70,MEX,Mexico,1957,-6,2,1,4,3,4,2,3,3,2
70,MEX,Mexico,1958,-6,2,1,4,3,4,2,3,3,2
70,MEX,Mexico,1959,-6,2,1,4,3,4,2,3,3,2
70,MEX,Mexico,1960,-6,2,1,4,3,4,2,3,3,2
70,MEX,Mexico,1961,-6,2,1,4,3,4,2,3,3,2
70,MEX,Mexico,1962,-6,2,1,4,3,4,2,3,3,2
70,MEX,Mexico,1963,-6,2,1,4,3,4,2,3,3,2
70,MEX,Mexico,1964,-6,2,1,4,3,4,2,3,3,2
70,MEX,Mexico,1965,-6,2,1,4,3,4,2,3,3,2
70,MEX,Mexico,1966,-6,2,1,4,3,4,2,3,3,2
70,MEX,Mexico,1967,-6,2,1,4,3,4,2,3,3,2
70,MEX,Mexico,1968,-6,2,1,4,3,4,2,3,3,2
70,MEX,Mexico,1969,-6,2,1,4,3,4,2,3,3,2
70,MEX,Mexico,1970,-6,2,1,4,3,4,2,3,3,2
70,MEX,Mexico,1971,-6,2,1,4,3,4,2,3,3,2
70,MEX,Mexico,1972,-6,2,1,4,3,4,2,3,3,2
70,MEX,Mexico,1973,-6,2,1,4,3,4,2,3,3,2
70,MEX,Mexico,1974,-6,2,1,4,3,4,2,3,3,2
70,MEX,Mexico,1975,-6,2,1,4,3,4,2,3,3,2
70,MEX,Mexico,1976,-6,2,1,4,3,4,2,3,3,2
70,MEX,Mexico,1977,-3,2,1,4,3,3,3,3,3,6
70,MEX,Mexico,1978,-3,2,1,4,3,3,3,3,3,6
70,MEX,Mexico,1979,-3,2,1,4,3,3,3,3,3,6
70,MEX,Mexico,1980,-3,2,1,4,3,3,3,3,3,6
70,MEX,Mexico,1981,-3,2,1,4,3,3,3,3,3,6
70,MEX,Mexico,1982,-3,2,1,4,3,3,3,3,3,6
70,MEX,Mexico,1983,-3,2,1,4,3,3,3,3,3,6
70,MEX,Mexico,1984,-3,2,1,4,3,3,3,3,3,6
70,MEX,Mexico,1985,-3,2,1,4,3,3,3,3,3,6
70,MEX,Mexico,1986,-3,2,1,4,3,3,3,3,3,6
70,MEX,Mexico,1987,-3,2,1,4,3,3,3,3,3,6
70,MEX,Mexico,1988,0,2,1,4,4,2,3,3,4,7
70,MEX,Mexico,1989,0,2,1,4,4,2,3,3,4,7
70,MEX,Mexico,1990,0,2,1,4,4,2,3,3,4,7
70,MEX,Mexico,1991,0,2,1,4,4,2,3,3,4,7
70,MEX,Mexico,1992,0,2,1,4,4,2,3,3,4,7
70,MEX,Mexico,1993,0,2,1,4,4,2,3,3,4,7
70,MEX,Mexico,1994,4,2,2,4,4,2,3,7,4,7
70,MEX,Mexico,1995,4,2,2,4,4,2,3,7,4,7
70,MEX,Mexico,1996,4,2,2,4,4,2,3,7,4,7
70,MEX,Mexico,1997,6,2,2,4,5,2,4,7,5,9
70,MEX,Mexico,1998,6,2,2,4,5,2,4,7,5,9
70,MEX,Mexico,1999,6,2,2,4,6,2,3,7,6,7
70,MEX,Mexico,2000,8,3,3,4,6,2,4,8,6,9
70,MEX,Mexico,2001,8,3,3,4,6,2,4,8,6,9
70,MEX,Mexico,2002,8,3,3,4,6,2,4,8,6,9
70,MEX,Mexico,2003,8,3,3,4,6,2,4,8,6,9
70,MEX,Mexico,2004,8,3,3,4,6,2,4,8,6,9
70,MEX,Mexico,2005,8,3,3,4,6,2,4,8,6,9
70,MEX,Mexico,2006,8,3,3,4,6,2,4,8,6,9
70,MEX,Mexico,2007,8,3,3,4,6,2,4,8,6,9
70,MEX,Mexico,2008,8,3,3,4,6,2,4,8,6,9
70,MEX,Mexico,2009,8,3,3,4,6,2,4,8,6,9
70,MEX,Mexico,2010,8,3,3,4,6,2,4,8,6,9
70,MEX,Mexico,2011,8,3,3,4,6,2,4,8,6,9
70,MEX,Mexico,2012,8,3,3,4,6,2,4,8,6,9
70,MEX,Mexico,2013,8,3,3,4,6,2,4,8,6,9
70,MEX,Mexico,2014,8,3,3,4,6,2,4,8,6,9
70,MEX,Mexico,2015,8,3,3,4,6,2,4,8,6,9
70,MEX,Mexico,2016,8,3,3,4,6,2,4,8,6,9
70,MEX,Mexico,2017,8,3,3,4,6,2,4,8,6,9
70,MEX,Mexico,2018,8,3,3,4,6,2,4,8,6,9
365,RUS,Russia,1800,-10,3,1,1,1,4,1,1,1,1
365,RUS,Russia,1801,-10,3,1,1,1,4,1,1,1,1
365,RUS,Russia,1802,-10,3,1,1,1,4,1,1,1,1
365,RUS,Russia,1803,-10,3,1,1,1,4,1,1,1,1
365,RUS,Russia,1804,-10,3,1,1,1,4,1,1,1,1
365,RUS,Russia,1805,-10,3,1,1,1,4,1,1,1,1
365,RUS,Russia,1806,-10,3,1,1,1,4,1,1,1,1
365,RUS,Russia,1807,-10,3,1,1,1,4,1,1,1,1
365,RUS,Russia,1808,-10,3,1,1,1,4,1,1,1,1
365,RUS,Russia,1809,-10,3,1,1,1,4,1,1,1,1
365,RUS,Russia,1810,-10,3,1,1,1,4,1,1,1,1
365,RUS,Russia,1811,-10,3,1,1,1,4,1,1,1,1
365,RUS,Russia,1812,-10,3,1,1,1,4,1,1,1,1
365,RUS,Russia,1813,-10,3,1,1,1,4,1,1,1,1
365,RUS,Russia,1814,-10,3,1,1,1,4,1,1,1,1
365,RUS,Russia,1815,-10,3,1,1,1,4,1,1,1,1
365,RUS,Russia,1816,-10,3,1,1,1,4,1,1,1,1
365,RUS,Russia,1817,-10,3,1,1,1,4,1,1,1,1
365,RUS,Russia,1818,-10,3,1,1,1,4,1,1,1,1
365,RUS,Russia,1819,-10,3,1,1,1,4,1,1,1,1
365,RUS,Russia,1820,-10,3,1,1,1,4,1,1,1,1
365,RUS,Russia,1821,-10,3,1,1,1,4,1,1,1,1
365,RUS,Russia,1822,-10,3,1,1,1,4,1,1,1,1
365,RUS,Russia,1823,-10,3,1,1,1,4,1,1,1,1
365,RUS,Russia,1824,-10,3,1,1,1,4,1,1,1,1
365,RUS,Russia,1825,-10,3,1,1,1,4,1,1,1,1
365,RUS,Russia,1826,-10,3,1,1,1,4,1,1,1,1
365,RUS,Russia,1827,-10,3,1,1,1,4,1,1,1,1
365,RUS,Russia,1828,-10,3,1,1,1,4,1,1,1,1
365,RUS,Russia,1829,-10,3,1,1,1,4,1,1,1,1
365,RUS,Russia,1830,-10,3,1,1,1,4,1,1,1,1
365,RUS,Russia,1831,-10,3,1,1,1,4,1,1,1,1
365,RUS,Russia,1832,-10,3,1,1,1,4,1,1,1,1
365,RUS,Russia,1833,-10,3,1,1,1,4,1,1,1,1
365,RUS,Russia,1834,-10,3,1,1,1,4,1,1,1,1
365,RUS,Russia,1835,-10,3,1,1,1,4,1,1,1,1
365,RUS,Russia,1836,-10,3,1,1,1,4,1,1,1,1
365,RUS,Russia,1837,-10,3,1,1,1,4,1,1,1,1
365,RUS,Russia,1838,-10,3,1,1,1,4,1,1,1,1
365,RUS,Russia,1839,-10,3,1,1,1,4,1,1,1,1
365,RUS,Russia,1840,-10,3,1,1,1,4,1,1,1,1
365,RUS,Russia,1841,-10,3,1,1,1,4,1,1,1,1
365,RUS,Russia,1842,-10,3,1,1,1,4,1,1,1,1
365,RUS,Russia,1843,-10,3,1,1,1,4,1,1,1,1
365,RUS,Russia,1844,-10,3,1,1,1,4,1,1,1,1
365,RUS,Russia,1845,-10,3,1,1,1,4,1,1,1,1
365,RUS,Russia,1846,-10,3,1,1,1,4,1,1,1,1
365,RUS,Russia,1847,-10,3,1,1,1,4,1,1,1,1
365,RUS,Russia,1848,-10,3,1,1,1,4,1,1,1,1
365,RUS,Russia,1849,-10,3,1,1,1,4,1,1,1,1
365,RUS,Russia,1850,-10,3,1,1,1,4,1,1,1,1
365,RUS,Russia,1851,-10,3,1,1,1,4,1,1,1,1
365,RUS,Russia,1852,-10,3,1,1,1,4,1,1,1,1
365,RUS,Russia,1853,-10,3,1,1,1,4,1,1,1,1
365,RUS,Russia,1854,-10,3,1,1,1,4,1,1,1,1
365,RUS,Russia,1855,-10,3,1,1,1,4,1,1,1,1
365,RUS,Russia,1856,-10,3,1,1,1,4,1,1,1,1
365,RUS,Russia,1857,-10,3,1,1,1,4,1,1,1,1
365,RUS,Russia,1858,-10,3,1,1,1,4,1,1,1,1
365,RUS,Russia,1859,-10,3,1,1,1,4,1,1,1,1
365,RUS,Russia,1860,-10,3,1,1,1,4,1,1,1,1
365,RUS,Russia,1861,-10,3,1,1,1,4,1,1,1,1
365,RUS,Russia,1862,-10,3,1,1,1,4,1,1,1,1
365,RUS,Russia,1863,-10,3,1,1,1,4,1,1,1,1
365,RUS,Russia,1864,-10,3,1,1,1,4,1,1,1,1
365,RUS,Russia,1865,-10,3,1,1,1,4,1,1,1,1
365,RUS,Russia,1866,-10,3,1,1,1,4,1,1,1,1
365,RUS,Russia,1867,-10,3,1,1,1,4,1,1,1,1
365,RUS,Russia,1868,-10,3,1,1,1,4,1,1,1,1
365,RUS,Russia,1869,-10,3,1,1,1,4,1,1,1,1
365,RUS,Russia,1870,-10,3,1,1,1,4,1,1,1,1
365,RUS,Russia,1871,-10,3,1,1,1,4,1,1,1,1
365,RUS,Russia,1872,-10,3,1,1,1,4,1,1,1,1
365,RUS,Russia,1873,-10,3,1,1,1,4,1,1,1,1
365,RUS,Russia,1874,-10,3,1,1,1,4,1,1,1,1
365,RUS,Russia,1875,-10,3,1,1,1,4,1,1,1,1
365,RUS,Russia,1876,-10,3,1,1,1,4,1,1,1,1
365,RUS,Russia,1877,-10,3,1,1,1,4,1,1,1,1
365,RUS,Russia,1878,-10,3,1,1,1,4,1,1,1,1
365,RUS,Russia,1879,-10,3,1,1,1,4,1,1,1,1
365,RUS,Russia,1880,-10,3,1,1,1,4,1,1,1,1
365,RUS,Russia,1881,-10,3,1,1,1,4,1,1,1,1
365,RUS,Russia,1882,-10,3,1,1,1,4,1,1,1,1
365,RUS,Russia,1883,-10,3,1,1,1,4,1,1,1,1
365,RUS,Russia,1884,-10,3,1,1,1,4,1,1,1,1
365,RUS,Russia,1885,-10,3,1,1,1,4,1,1,1,1
365,RUS,Russia,1886,-10,3,1,1,1,4,1,1,1,1
365,RUS,Russia,1887,-10,3,1,1,1,4,1,1,1,1
365,RUS,Russia,1888,-10,3,1,1,1,4,1,1,1,1
365,RUS,Russia,1889,-10,3,1,1,1,4,1,1,1,1
365,RUS,Russia,1890,-10,3,1,1,1,4,1,1,1,1
365,RUS,Russia,1891,-10,3,1,1,1,4,1,1,1,1
365,RUS,Russia,1892,-10,3,1,1,1,4,1,1,1,1
365,RUS,Russia,1893,-10,3,1,1,1,4,1,1,1,1
365,RUS,Russia,1894,-10,3,1,1,1,4,1,1,1,1
365,RUS,Russia,1895,-10,3,1,1,1,4,1,1,1,1
365,RUS,Russia,1896,-10,3,1,1,1,4,1,1,1,1
365,RUS,Russia,1897,-10,3,1,1,1,4,1,1,1,1
365,RUS,Russia,1898,-10,3,1,1,1,4,1,1,1,1
365,RUS,Russia,1899,-10,3,1,1,1,4,1,1,1,1
365,RUS,Russia,1900,-10,3,1,1,1,4,1,1,1,1
365,RUS,Russia,1901,-10,3,1,1,1,4,1,1,1,1
365,RUS,Russia,1902,-10,3,1,1,1,4,1,1,1,1
365,RUS,Russia,1903,-10,3,1,1,1,4,1,1,1,1
365,RUS,Russia,1904,-10,3,1,1,1,4,1,1,1,1
365,RUS,Russia,1905,-8,-88,-88,-88,-88,-88,-88,-88,-88,-88
365,RUS,Russia,1906,-6,3,1,2,1,3,3,2,1,6
365,RUS,Russia,1907,-6,3,1,2,1,3,3,2,1,6
365,RUS,Russia,1908,-6,3,1,2,1,3,3,2,1,6
365,RUS,Russia,1909,-6,3,1,2,1,3,3,2,1,6
365,RUS,Russia,1910,-6,3,1,2,1,3,3,2,1,6
365,RUS,Russia,1911,-6,3,1,2,1,3,3,2,1,6
365,RUS,Russia,1912,-6,3,1,2,1,3,3,2,1,6
365,RUS,Russia,1913,-6,3,1,2,1,3,3,2,1,6
365,RUS,Russia,1914,-6,3,1,2,1,3,3,2,1,6
365,RUS,Russia,1915,-6,3,1,2,1,3,3,2,1,6
365,RUS,Russia,1916,-6,3,1,2,1,3,3,2,1,6
365,RUS,Russia,1917,-1,1,0,0,3,3,3,4,3,6
365,RUS,Russia,1918,-1,1,0,0,3,3,3,4,3,6
365,RUS,Russia,1919,-1,1,0,0,3,3,3,4,3,6
365,RUS,Russia,1920,-1,1,0,0,3,3,3,4,3,6
365,RUS,Russia,1921,-1,1,0,0,3,3,3,4,3,6
365,RUS,Russia,1922,-1,1,0,0,3,3,3,4,3,6
365,RUS,Russia,1992,5,2,2,4,5,2,3,7,5,7
365,RUS,Russia,1993,3,2,2,4,3,2,4,7,3,9
365,RUS,Russia,1994,3,2,2,4,3,2,4,7,3,9
365,RUS,Russia,1995,3,2,2,4,3,2,4,7,3,9
365,RUS,Russia,1996,3,2,2,4,3,2,4,7,3,9
365,RUS,Russia,1997,3,2,2,4,3,2,4,7,3,9
365,RUS,Russia,1998,3,2,2,4,3,2,4,7,3,9
365,RUS,Russia,1999,3,2,2,4,3,2,4,7,3,9
365,RUS,Russia,2000,6,2,2,4,5,2,4,7,5,9
365,RUS,Russia,2001,6,2,2,4,5,2,4,7,5,9
365,RUS,Russia,2002,6,2,2,4,5,2,4,7,5,9
365,RUS,Russia,2003,6,2,2,4,5,2,4,7,5,9
365,RUS,Russia,2004,6,2,2,4,5,2,4,7,5,9
365,RUS,Russia,2005,6,2,2,4,5,2,4,7,5,9
365,RUS,Russia,2006,6,2,2,4,5,2,4,7,5,9
365,RUS,Russia,2007,4,2,2,4,4,3,4,7,4,8
365,RUS,Russia,2008,4,2,2,4,4,3,4,7,4,8
365,RUS,Russia,2009,4,2,2,4,4,3,4,7,4,8
365,RUS,Russia,2010,4,2,2,4,4,3,4,7,4,8
365,RUS,Russia,2011,4,2,2,4,4,3,4,7,4,8
365,RUS,Russia,2012,4,2,2,4,4,3,4,7,4,8
365,RUS,Russia,2013,4,2,2,4,4,3,4,7,4,8
365,RUS,Russia,2014,4,2,2,4,4,3,4,7,4,8
365,RUS,Russia,2015,4,2,2,4,4,3,4,7,4,8
365,RUS,Russia,2016,4,2,2,4,4,3,4,7,4,8
365,RUS,Russia,2017,4,2,2,4,4,3,4,7,4,8
365,RUS,Russia,2018,4,2,2,4,4,3,4,7,4,8
560,SAF,South Africa,1910,4,3,3,4,7,4,2,8,7,2
560,SAF,South Africa,1911,4,3,3,4,7,4,2,8,7,2
560,SAF,South Africa,1912,4,3,3,4,7,4,2,8,7,2
560,SAF,South Africa,1913,4,3,3,4,7,4,2,8,7,2
560,SAF,South Africa,1914,4,3,3,4,7,4,2,8,7,2
560,SAF,South Africa,1915,4,3,3,4,7,4,2,8,7,2
560,SAF,South Africa,1916,4,3,3,4,7,4,2,8,7,2
560,SAF,South Africa,1917,4,3,3,4,7,4,2,8,7,2
560,SAF,South Africa,1918,4,3,3,4,7,4,2,8,7,2
560,SAF,South Africa,1919,4,3,3,4,7,4,2,8,7,2
560,SAF,South Africa,1920,4,3,3,4,7,4,2,8,7,2
560,SAF,South Africa,1921,4,3,3,4,7,4,2,8,7,2
560,SAF,South Africa,1922,4,3,3,4,7,4,2,8,7,2
560,SAF,South Africa,1923,4,3,3,4,7,4,2,8,7,2
560,SAF,South Africa,1924,4,3,3,4,7,4,2,8,7,2
560,SAF,South Africa,1925,4,3,3,4,7,4,2,8,7,2
560,SAF,South Africa,1926,4,3,3,4,7,4,2,8,7,2
560,SAF,South Africa,1927,4,3,3,4,7,4,2,8,7,2
560,SAF,South Africa,1928,4,3,3,4,7,4,2,8,7,2
560,SAF,South Africa,1929,4,3,3,4,7,4,2,8,7,2
560,SAF,South Africa,1930,4,3,3,4,7,4,2,8,7,2
560,SAF,South Africa,1931,4,3,3,4,7,4,2,8,7,2
560,SAF,South Africa,1932,4,3,3,4,7,4,2,8,7,2
560,SAF,South Africa,1933,4,3,3,4,7,4,2,8,7,2
560,SAF,South Africa,1934,4,3,3,4,7,4,2,8,7,2
560,SAF,South Africa,1935,4,3,3,4,7,4,2,8,7,2
560,SAF,South Africa,1936,4,3,3,4,7,4,2,8,7,2
560,SAF,South Africa,1937,4,3,3,4,7,4,2,8,7,2
560,SAF,South Africa,1938,4,3,3,4,7,4,2,8,7,2
560,SAF,South Africa,1939,4,3,3,4,7,4,2,8,7,2
560,SAF,South Africa,1940,4,3,3,4,7,4,2,8,7,2
560,SAF,South Africa,1941,4,3,3,4,7,4,2,8,7,2
560,SAF,South Africa,1942,4,3,3,4,7,4,2,8,7,2
560,SAF,South Africa,1943,4,3,3,4,7,4,2,8,7,2
560,SAF,South Africa,1944,4,3,3,4,7,4,2,8,7,2
560,SAF,South Africa,1945,4,3,3,4,7,4,2,8,7,2
560,SAF,South Africa,1946,4,3,3,4,7,4,2,8,7,2
560,SAF,South Africa,1947,4,3,3,4,7,4,2,8,7,2
560,SAF,South Africa,1948,4,3,3,4,7,4,2,8,7,2
560,SAF,South Africa,1949,4,3,3,4,7,4,2,8,7,2
560,SAF,South Africa,1950,4,3,3,4,7,4,2,8,7,2
560,SAF,South Africa,1951,4,3,3,4,7,4,2,8,7,2
560,SAF,South Africa,1952,4,3,3,4,7,4,2,8,7,2
560,SAF,South Africa,1953,4,3,3,4,7,4,2,8,7,2
560,SAF,South Africa,1954,4,3,3,4,7,4,2,8,7,2
560,SAF,South Africa,1955,4,3,3,4,7,4,2,8,7,2
560,SAF,South Africa,1956,4,3,3,4,7,4,2,8,7,2
560,SAF,South Africa,1957,4,3,3,4,7,4,2,8,7,2
560,SAF,South Africa,1958,4,3,3,4,7,4,2,8,7,2
560,SAF,South Africa,1959,4,3,3,4,7,4,2,8,7,2
560,SAF,South Africa,1960,4,3,3,4,7,4,2,8,7,2
560,SAF,South Africa,1961,4,3,3,4,7,4,2,8,7,2
560,SAF,South Africa,1962,4,3,3,4,7,4,2,8,7,2
560,SAF,South Africa,1963,4,3,3,4,7,4,2,8,7,2
560,SAF,South Africa,1964,4,3,3,4,7,4,2,8,7,2
560,SAF,South Africa,1965,4,3,3,4,7,4,2,8,7,2
560,SAF,South Africa,1966,4,3,3,4,7,4,2,8,7,2
560,SAF,South Africa,1967,4,3,3,4,7,4,2,8,7,2
560,SAF,South Africa,1968,4,3,3,4,7,4,2,8,7,2
560,SAF,South Africa,1969,4,3,3,4,7,4,2,8,7,2
560,SAF,South Africa,1970,4,3,3,4,7,4,2,8,7,2
560,SAF,South Africa,1971,4,3,3,4,7,4,2,8,7,2
560,SAF,South Africa,1972,4,3,3,4,7,4,2,8,7,2
560,SAF,South Africa,1973,4,3,3,4,7,4,2,8,7,2
560,SAF,South Africa,1974,4,3,3,4,7,4,2,8,7,2
560,SAF,South Africa,1975,4,3,3,4,7,4,2,8,7,2
560,SAF,South Africa,1976,4,3,3,4,7,4,2,8,7,2
560,SAF,South Africa,1977,4,3,3,4,7,4,2,8,7,2
560,SAF,South Africa,1978,4,3,3,4,7,4,2,8,7,2
560,SAF,South Africa,1979,4,3,3,4,7,4,2,8,7,2
560,SAF,South Africa,1980,4,3,3,4,7,4,2,8,7,2
560,SAF,South Africa,1981,4,3,3,4,7,4,2,8,7,2
560,SAF,South Africa,1982,4,3,3,4,7,4,2,8,7,2
560,SAF,South Africa,1983,4,3,3,4,7,4,2,8,7,2
560,SAF,South Africa,1984,4,3,3,4,7,4,2,8,7,2
560,SAF,South Africa,1985,4,3,3,4,7,4,2,8,7,2
560,SAF,South Africa,1986,4,3,3,4,7,4,2,8,7,2
560,SAF,South Africa,1987,4,3,3,4,7,4,2,8,7,2
560,SAF,South Africa,1988,4,3,3,4,7,4,2,8,7,2
560,SAF,South Africa,1989,4,3,3,4,7,4,2,8,7,2
560,SAF,South Africa,1990,5,3,3,4,7,3,2,8,7,3
560,SAF,South Africa,1991,5,3,3,4,7,3,2,8,7,3
560,SAF,South Africa,1992,6,-88,-88,-88,-88,-88,-88,-88,-88,-88
560,SAF,South Africa,1993,8,-88,-88,-88,-88,-88,-88,-88,-88,-88
560,SAF,South Africa,1994,9,3,3,4,7,2,4,8,7,9
560,SAF,South Africa,1995,9,3,3,4,7,2,4,8,7,9
560,SAF,South Africa,1996,9,3,3,4,7,2,4,8,7,9
560,SAF,South Africa,1997,9,3,3,4,7,2,4,8,7,9
560,SAF,South Africa,1998,9,3,3,4,7,2,4,8,7,9
560,SAF,South Africa,1999,9,3,3,4,7,2,4,8,7,9
560,SAF,South Africa,2000,9,3,3,4,7,2,4,8,7,9
560,SAF,South Africa,2001,9,3,3,4,7,2,4,8,7,9
560,SAF,South Africa,2002,9,3,3,4,7,2,4,8,7,9
560,SAF,South Africa,2003,9,3,3,4,7,2,4,8,7,9
560,SAF,South Africa,2004,9,3,3,4,7,2,4,8,7,9
560,SAF,South Africa,2005,9,3,3,4,7,2,4,8,7,9
560,SAF,South Africa,2006,9,3,3,4,7,2,4,8,7,9
560,SAF,South Africa,2007,9,3,3,4,7,2,4,8,7,9
560,SAF,South Africa,2008,9,3,3,4,7,2,4,8,7,9
560,SAF,South Africa,2009,9,3,3,4,7,2,4,8,7,9
560,SAF,South Africa,2010,9,3,3,4,7,2,4,8,7,9
560,SAF,South Africa,2011,9,3,3,4,7,2,4,8,7,9
560,SAF,South Africa,2012,9,3,3,4,7,2,4,8,7,9
560,SAF,South Africa,2013,9,3,3,4,7,2,4,8,7,9
560,SAF,South Africa,2014,9,3,3,4,7,2,4,8,7,9
560,SAF,South Africa,2015,9,3,3,4,7,2,4,8,7,9
560,SAF,South Africa,2016,9,3,3,4,7,2,4,8,7,9
560,SAF,South Africa,2017,9,3,3,4,7,2,4,8,7,9
560,SAF,South Africa,2018,9,3,3,4,7,2,4,8,7,9
230,SPN,Spain,1800,-10,3,1,1,1,4,1,1,1,1
230,SPN,Spain,1801,-10,3,1,1,1,4,1,1,1,1
230,SPN,Spain,1802,-10,3,1,1,1,4,1,1,1,1
230,SPN,Spain,1803,-10,3,1,1,1,4,1,1,1,1
230,SPN,Spain,1804,-10,3,1,1,1,4,1,1,1,1
230,SPN,Spain,1805,-10,3,1,1,1,4,1,1,1,1
230,SPN,Spain,1806,-10,3,1,1,1,4,1,1,1,1
230,SPN,Spain,1807,-10,3,1,1,1,4,1,1,1,1
230,SPN,Spain,1808,NA,-66,-66,-66,-66,-66,-66,-66,-66,-66
230,SPN,Spain,1809,NA,-66,-66,-66,-66,-66,-66,-66,-66,-66
230,SPN,Spain,1810,NA,-66,-66,-66,-66,-66,-66,-66,-66,-66
230,SPN,Spain,1811,NA,-66,-66,-66,-66,-66,-66,-66,-66,-66
230,SPN,Spain,1812,NA,-66,-66,-66,-66,-66,-66,-66,-66,-66
230,SPN,Spain,1813,NA,-66,-66,-66,-66,-66,-66,-66,-66,-66
230,SPN,Spain,1814,-9,3,1,1,1,4,2,1,1,2
230,SPN,Spain,1815,-9,3,1,1,1,4,2,1,1,2
230,SPN,Spain,1816,-9,3,1,1,1,4,2,1,1,2
230,SPN,Spain,1817,-9,3,1,1,1,4,2,1,1,2
230,SPN,Spain,1818,-9,3,1,1,1,4,2,1,1,2
230,SPN,Spain,1819,-9,3,1,1,1,4,2,1,1,2
230,SPN,Spain,1820,-4,3,1,2,3,3,3,2,3,6
230,SPN,Spain,1821,-4,3,1,2,3,3,3,2,3,6
230,SPN,Spain,1822,-4,3,1,2,3,3,3,2,3,6
230,SPN,Spain,1823,-6,3,1,1,1,3,3,1,1,6
230,SPN,Spain,1824,-6,3,1,1,1,3,3,1,1,6
230,SPN,Spain,1825,-6,3,1,1,1,3,3,1,1,6
230,SPN,Spain,1826,-6,3,1,1,1,3,3,1,1,6
230,SPN,Spain,1827,-6,3,1,1,1,3,3,1,1,6
230,SPN,Spain,1828,-6,3,1,1,1,3,3,1,1,6
230,SPN,Spain,1829,-6,3,1,1,1,3,3,1,1,6
230,SPN,Spain,1830,-6,3,1,1,1,3,3,1,1,6
230,SPN,Spain,1831,-6,3,1,1,1,3,3,1,1,6
230,SPN,Spain,1832,-6,3,1,1,1,3,3,1,1,6
230,SPN,Spain,1833,-6,3,1,1,1,3,3,1,1,6
230,SPN,Spain,1834,-6,3,1,1,1,3,3,1,1,6
230,SPN,Spain,1835,-6,3,1,1,1,3,3,1,1,6
230,SPN,Spain,1836,-3,-88,-88,-88,-88,-88,-88,-88,-88,-88
230,SPN,Spain,1837,-1,3,1,2,5,3,3,2,5,6
230,SPN,Spain,1838,-1,3,1,2,5,3,3,2,5,6
230,SPN,Spain,1839,-1,3,1,2,5,3,3,2,5,6
230,SPN,Spain,1840,-1,3,1,2,5,3,3,2,5,6
230,SPN,Spain,1841,-1,3,1,2,5,3,3,2,5,6
230,SPN,Spain,1842,-1,3,1,2,5,3,3,2,5,6
230,SPN,Spain,1843,-1,3,1,2,5,3,3,2,5,6
230,SPN,Spain,1844,-1,3,1,2,5,3,3,2,5,6
230,SPN,Spain,1845,-2,3,1,2,4,3,3,2,4,6
230,SPN,Spain,1846,-2,3,1,2,4,3,3,2,4,6
230,SPN,Spain,1847,-2,3,1,2,4,3,3,2,4,6
230,SPN,Spain,1848,-2,3,1,2,4,3,3,2,4,6
230,SPN,Spain,1849,-2,3,1,2,4,3,3,2,4,6
230,SPN,Spain,1850,-2,3,1,2,4,3,3,2,4,6
230,SPN,Spain,1851,-2,3,1,2,4,3,3,2,4,6
230,SPN,Spain,1852,-5,3,1,2,2,3,3,2,2,6
230,SPN,Spain,1853,-5,3,1,2,2,3,3,2,2,6
230,SPN,Spain,1854,-5,3,1,2,2,3,3,2,2,6
230,SPN,Spain,1855,-5,3,1,2,2,3,3,2,2,6
230,SPN,Spain,1856,-5,3,1,2,2,3,3,2,2,6
230,SPN,Spain,1857,-5,3,1,2,2,3,3,2,2,6
230,SPN,Spain,1858,-5,3,1,2,2,3,3,2,2,6
230,SPN,Spain,1859,-6,3,1,2,1,3,3,2,1,6
230,SPN,Spain,1860,-6,3,1,2,1,3,3,2,1,6
230,SPN,Spain,1861,-6,3,1,2,1,3,3,2,1,6
230,SPN,Spain,1862,-6,3,1,2,1,3,3,2,1,6
230,SPN,Spain,1863,-6,3,1,2,1,3,3,2,1,6
230,SPN,Spain,1864,-6,3,1,2,1,3,3,2,1,6
230,SPN,Spain,1865,-6,3,1,2,1,3,3,2,1,6
230,SPN,Spain,1866,-6,3,1,2,1,3,3,2,1,6
230,SPN,Spain,1867,-6,3,1,2,1,3,3,2,1,6
230,SPN,Spain,1868,-4,-88,-88,-88,-88,-88,-88,-88,-88,-88
230,SPN,Spain,1869,-2,-88,-88,-88,-88,-88,-88,-88,-88,-88
230,SPN,Spain,1870,-1,-88,-88,-88,-88,-88,-88,-88,-88,-88
230,SPN,Spain,1871,1,3,1,2,7,3,3,2,7,6
230,SPN,Spain,1872,1,3,1,2,7,3,3,2,7,6
230,SPN,Spain,1873,-5,2,1,4,1,3,3,3,1,6
230,SPN,Spain,1874,-4,-88,-88,-88,-88,-88,-88,-88,-88,-88
230,SPN,Spain,1875,-2,-88,-88,-88,-88,-88,-88,-88,-88,-88
230,SPN,Spain,1876,-1,2,1,4,7,4,2,3,7,2
230,SPN,Spain,1877,-1,2,1,4,7,4,2,3,7,2
230,SPN,Spain,1878,-1,2,1,4,7,4,2,3,7,2
230,SPN,Spain,1879,4,2,1,4,7,5,4,3,7,NA
230,SPN,Spain,1880,4,2,1,4,7,5,4,3,7,NA
230,SPN,Spain,1881,4,2,1,4,7,5,4,3,7,NA
230,SPN,Spain,1882,4,2,1,4,7,5,4,3,7,NA
230,SPN,Spain,1883,4,2,1,4,7,5,4,3,7,NA
230,SPN,Spain,1884,4,2,1,4,7,5,4,3,7,NA
230,SPN,Spain,1885,4,2,1,4,7,5,4,3,7,NA
230,SPN,Spain,1886,4,2,1,4,7,5,4,3,7,NA
230,SPN,Spain,1887,4,2,1,4,7,5,4,3,7,NA
230,SPN,Spain,1888,4,2,1,4,7,5,4,3,7,NA
230,SPN,Spain,1889,4,2,1,4,7,5,4,3,7,NA
230,SPN,Spain,1890,5,2,1,4,7,5,5,3,7,10
230,SPN,Spain,1891,5,2,1,4,7,5,5,3,7,10
230,SPN,Spain,1892,5,2,1,4,7,5,5,3,7,10
230,SPN,Spain,1893,5,2,1,4,7,5,5,3,7,10
230,SPN,Spain,1894,5,2,1,4,7,5,5,3,7,10
230,SPN,Spain,1895,4,2,1,4,7,5,4,3,7,NA
230,SPN,Spain,1896,4,2,1,4,7,5,4,3,7,NA
230,SPN,Spain,1897,4,2,1,4,7,5,4,3,7,NA
230,SPN,Spain,1898,4,2,1,4,7,5,4,3,7,NA
230,SPN,Spain,1899,4,2,1,4,7,5,4,3,7,NA
230,SPN,Spain,1900,6,2,2,4,7,1,0,7,7,4
230,SPN,Spain,1901,6,2,2,4,7,1,0,7,7,4
230,SPN,Spain,1902,6,3,2,3,7,1,0,6,7,4
230,SPN,Spain,1903,6,3,2,3,7,1,0,6,7,4
230,SPN,Spain,1904,6,3,2,3,7,1,0,6,7,4
230,SPN,Spain,1905,6,3,2,3,7,1,0,6,7,4
230,SPN,Spain,1906,6,3,2,3,7,1,0,6,7,4
230,SPN,Spain,1907,6,3,2,3,7,1,0,6,7,4
230,SPN,Spain,1908,6,3,2,3,7,1,0,6,7,4
230,SPN,Spain,1909,6,3,2,3,7,1,0,6,7,4
230,SPN,Spain,1910,6,3,2,3,7,1,0,6,7,4
230,SPN,Spain,1911,6,3,2,3,7,1,0,6,7,4
230,SPN,Spain,1912,6,3,2,3,7,1,0,6,7,4
230,SPN,Spain,1913,6,3,2,3,7,1,0,6,7,4
230,SPN,Spain,1914,6,3,2,3,7,1,0,6,7,4
230,SPN,Spain,1915,6,3,2,3,7,1,0,6,7,4
230,SPN,Spain,1916,6,3,2,3,7,1,0,6,7,4
230,SPN,Spain,1917,6,3,2,3,7,1,0,6,7,4
230,SPN,Spain,1918,6,3,2,3,7,1,0,6,7,4
230,SPN,Spain,1919,6,3,2,3,7,1,0,6,7,4
230,SPN,Spain,1920,6,3,2,3,7,1,0,6,7,4
230,SPN,Spain,1921,6,3,2,3,7,1,0,6,7,4
230,SPN,Spain,1922,6,3,2,3,7,1,0,6,7,4
230,SPN,Spain,1923,-7,1,0,0,1,4,1,4,1,1
230,SPN,Spain,1924,-7,1,0,0,1,4,1,4,1,1
230,SPN,Spain,1925,-6,1,0,0,1,4,2,4,1,2
230,SPN,Spain,1926,-6,1,0,0,1,4,2,4,1,2
230,SPN,Spain,1927,-6,1,0,0,1,4,2,4,1,2
230,SPN,Spain,1928,-6,1,0,0,1,4,2,4,1,2
230,SPN,Spain,1929,-6,1,0,0,1,4,2,4,1,2
230,SPN,Spain,1930,1,-88,-88,-88,-88,-88,-88,-88,-88,-88
230,SPN,Spain,1931,7,3,3,4,7,3,3,8,7,6
230,SPN,Spain,1932,7,3,3,4,7,3,3,8,7,6
230,SPN,Spain,1933,7,3,3,4,7,3,3,8,7,6
230,SPN,Spain,1934,7,3,3,4,7,3,3,8,7,6
230,SPN,Spain,1935,7,3,3,4,7,3,3,8,7,6
230,SPN,Spain,1936,7,3,3,4,7,3,3,8,7,6
230,SPN,Spain,1937,7,3,3,4,7,3,3,8,7,6
230,SPN,Spain,1938,7,3,3,4,7,3,3,8,7,6
230,SPN,Spain,1939,-7,1,0,0,1,4,1,4,1,1
230,SPN,Spain,1940,-7,1,0,0,1,4,1,4,1,1
230,SPN,Spain,1941,-7,1,0,0,1,4,1,4,1,1
230,SPN,Spain,1942,-7,1,0,0,1,4,1,4,1,1
230,SPN,Spain,1943,-7,1,0,0,1,4,1,4,1,1
230,SPN,Spain,1944,-7,1,0,0,1,4,1,4,1,1
230,SPN,Spain,1945,-7,1,0,0,1,4,1,4,1,1
230,SPN,Spain,1946,-7,1,0,0,1,4,1,4,1,1
230,SPN,Spain,1947,-7,1,0,0,1,4,1,4,1,1
230,SPN,Spain,1948,-7,1,0,0,1,4,1,4,1,1
230,SPN,Spain,1949,-7,1,0,0,1,4,1,4,1,1
230,SPN,Spain,1950,-7,1,0,0,1,4,1,4,1,1
230,SPN,Spain,1951,-7,1,0,0,1,4,1,4,1,1
230,SPN,Spain,1952,-7,1,0,0,1,4,1,4,1,1
230,SPN,Spain,1953,-7,1,0,0,1,4,1,4,1,1
230,SPN,Spain,1954,-7,1,0,0,1,4,1,4,1,1
230,SPN,Spain,1955,-7,1,0,0,1,4,1,4,1,1
230,SPN,Spain,1956,-7,1,0,0,1,4,1,4,1,1
230,SPN,Spain,1957,-7,1,0,0,1,4,1,4,1,1
230,SPN,Spain,1958,-7,1,0,0,1,4,1,4,1,1
230,SPN,Spain,1959,-7,1,0,0,1,4,1,4,1,1
230,SPN,Spain,1960,-7,1,0,0,1,4,1,4,1,1
230,SPN,Spain,1961,-7,1,0,0,1,4,1,4,1,1
230,SPN,Spain,1962,-7,1,0,0,1,4,1,4,1,1
230,SPN,Spain,1963,-7,1,0,0,1,4,1,4,1,1
230,SPN,Spain,1964,-7,1,0,0,1,4,1,4,1,1
230,SPN,Spain,1965,-7,1,0,0,1,4,1,4,1,1
230,SPN,Spain,1966,-7,1,0,0,1,4,1,4,1,1
230,SPN,Spain,1967,-7,1,0,0,1,4,1,4,1,1
230,SPN,Spain,1968,-7,1,0,0,1,4,1,4,1,1
230,SPN,Spain,1969,-7,1,0,0,1,4,1,4,1,1
230,SPN,Spain,1970,-7,1,0,0,1,4,1,4,1,1
230,SPN,Spain,1971,-7,1,0,0,1,4,1,4,1,1
230,SPN,Spain,1972,-7,1,0,0,1,4,1,4,1,1
230,SPN,Spain,1973,-7,1,0,0,1,4,1,4,1,1
230,SPN,Spain,1974,-7,1,0,0,1,4,1,4,1,1
230,SPN,Spain,1975,-3,-88,-88,-88,-88,-88,-88,-88,-88,-88
230,SPN,Spain,1976,1,-88,-88,-88,-88,-88,-88,-88,-88,-88
230,SPN,Spain,1977,5,-88,-88,-88,-88,-88,-88,-88,-88,-88
230,SPN,Spain,1978,9,3,3,4,7,2,4,8,7,9
230,SPN,Spain,1979,9,3,3,4,7,2,4,8,7,9
230,SPN,Spain,1980,9,3,3,4,7,2,4,8,7,9
230,SPN,Spain,1981,9,3,3,4,7,2,4,8,7,9
230,SPN,Spain,1982,10,3,3,4,7,5,5,8,7,10
230,SPN,Spain,1983,10,3,3,4,7,5,5,8,7,10
230,SPN,Spain,1984,10,3,3,4,7,5,5,8,7,10
230,SPN,Spain,1985,10,3,3,4,7,5,5,8,7,10
230,SPN,Spain,1986,10,3,3,4,7,5,5,8,7,10
230,SPN,Spain,1987,10,3,3,4,7,5,5,8,7,10
230,SPN,Spain,1988,10,3,3,4,7,5,5,8,7,10
230,SPN,Spain,1989,10,3,3,4,7,5,5,8,7,10
230,SPN,Spain,1990,10,3,3,4,7,5,5,8,7,10
230,SPN,Spain,1991,10,3,3,4,7,5,5,8,7,10
230,SPN,Spain,1992,10,3,3,4,7,5,5,8,7,10
230,SPN,Spain,1993,10,3,3,4,7,5,5,8,7,10
230,SPN,Spain,1994,10,3,3,4,7,5,5,8,7,10
230,SPN,Spain,1995,10,3,3,4,7,5,5,8,7,10
230,SPN,Spain,1996,10,3,3,4,7,5,5,8,7,10
230,SPN,Spain,1997,10,3,3,4,7,5,5,8,7,10
230,SPN,Spain,1998,10,3,3,4,7,5,5,8,7,10
230,SPN,Spain,1999,10,3,3,4,7,5,5,8,7,10
230,SPN,Spain,2000,10,3,3,4,7,5,5,8,7,10
230,SPN,Spain,2001,10,3,3,4,7,5,5,8,7,10
230,SPN,Spain,2002,10,3,3,4,7,5,5,8,7,10
230,SPN,Spain,2003,10,3,3,4,7,5,5,8,7,10
230,SPN,Spain,2004,10,3,3,4,7,5,5,8,7,10
230,SPN,Spain,2005,10,3,3,4,7,5,5,8,7,10
230,SPN,Spain,2006,10,3,3,4,7,5,5,8,7,10
230,SPN,Spain,2007,10,3,3,4,7,5,5,8,7,10
230,SPN,Spain,2008,10,3,3,4,7,5,5,8,7,10
230,SPN,Spain,2009,10,3,3,4,7,5,5,8,7,10
230,SPN,Spain,2010,10,3,3,4,7,5,5,8,7,10
230,SPN,Spain,2011,10,3,3,4,7,5,5,8,7,10
230,SPN,Spain,2012,10,3,3,4,7,5,5,8,7,10
230,SPN,Spain,2013,10,3,3,4,7,5,5,8,7,10
230,SPN,Spain,2014,10,3,3,4,7,5,5,8,7,10
230,SPN,Spain,2015,10,3,3,4,7,5,5,8,7,10
230,SPN,Spain,2016,10,3,3,4,7,5,5,8,7,10
230,SPN,Spain,2017,10,3,3,4,7,5,5,8,7,10
230,SPN,Spain,2018,10,3,3,4,7,5,5,8,7,10
380,SWD,Sweden,1800,-10,3,1,1,1,4,1,1,1,1
380,SWD,Sweden,1801,-10,3,1,1,1,4,1,1,1,1
380,SWD,Sweden,1802,-10,3,1,1,1,4,1,1,1,1
380,SWD,Sweden,1803,-10,3,1,1,1,4,1,1,1,1
380,SWD,Sweden,1804,-10,3,1,1,1,4,1,1,1,1
380,SWD,Sweden,1805,-10,3,1,1,1,4,1,1,1,1
380,SWD,Sweden,1806,-10,3,1,1,1,4,1,1,1,1
380,SWD,Sweden,1807,-10,3,1,1,1,4,1,1,1,1
380,SWD,Sweden,1808,-10,3,1,1,1,4,1,1,1,1
380,SWD,Sweden,1809,-9,-88,-88,-88,-88,-88,-88,-88,-88,-88
380,SWD,Sweden,1810,-9,-88,-88,-88,-88,-88,-88,-88,-88,-88
380,SWD,Sweden,1811,-9,-88,-88,-88,-88,-88,-88,-88,-88,-88
380,SWD,Sweden,1812,-8,3,1,1,3,4,1,1,3,1
380,SWD,Sweden,1813,-8,3,1,1,3,4,1,1,3,1
380,SWD,Sweden,1814,-8,3,1,1,3,4,1,1,3,1
380,SWD,Sweden,1815,-8,3,1,1,3,4,1,1,3,1
380,SWD,Sweden,1816,-8,3,1,1,3,4,1,1,3,1
380,SWD,Sweden,1817,-8,3,1,1,3,4,1,1,3,1
380,SWD,Sweden,1818,-8,3,1,1,3,4,1,1,3,1
380,SWD,Sweden,1819,-8,3,1,1,3,4,1,1,3,1
380,SWD,Sweden,1820,-8,3,1,1,3,4,1,1,3,1
380,SWD,Sweden,1821,-8,3,1,1,3,4,1,1,3,1
380,SWD,Sweden,1822,-8,3,1,1,3,4,1,1,3,1
380,SWD,Sweden,1823,-8,3,1,1,3,4,1,1,3,1
380,SWD,Sweden,1824,-8,3,1,1,3,4,1,1,3,1
380,SWD,Sweden,1825,-8,3,1,1,3,4,1,1,3,1
380,SWD,Sweden,1826,-8,3,1,1,3,4,1,1,3,1
380,SWD,Sweden,1827,-8,3,1,1,3,4,1,1,3,1
380,SWD,Sweden,1828,-8,3,1,1,3,4,1,1,3,1
380,SWD,Sweden,1829,-8,3,1,1,3,4,1,1,3,1
380,SWD,Sweden,1830,-8,3,1,1,3,4,1,1,3,1
380,SWD,Sweden,1831,-8,3,1,1,3,4,1,1,3,1
380,SWD,Sweden,1832,-8,3,1,1,3,4,1,1,3,1
380,SWD,Sweden,1833,-8,3,1,1,3,4,1,1,3,1
380,SWD,Sweden,1834,-8,3,1,1,3,4,1,1,3,1
380,SWD,Sweden,1835,-8,3,1,1,3,4,1,1,3,1
380,SWD,Sweden,1836,-8,3,1,1,3,4,1,1,3,1
380,SWD,Sweden,1837,-8,3,1,1,3,4,1,1,3,1
380,SWD,Sweden,1838,-8,3,1,1,3,4,1,1,3,1
380,SWD,Sweden,1839,-8,3,1,1,3,4,1,1,3,1
380,SWD,Sweden,1840,-8,3,1,1,3,4,1,1,3,1
380,SWD,Sweden,1841,-8,3,1,1,3,4,1,1,3,1
380,SWD,Sweden,1842,-7,3,1,1,3,4,2,1,3,2
380,SWD,Sweden,1843,-7,3,1,1,3,4,2,1,3,2
380,SWD,Sweden,1844,-7,3,1,1,3,4,2,1,3,2
380,SWD,Sweden,1845,-7,3,1,1,3,4,2,1,3,2
380,SWD,Sweden,1846,-7,3,1,1,3,4,2,1,3,2
380,SWD,Sweden,1847,-7,3,1,1,3,4,2,1,3,2
380,SWD,Sweden,1848,-7,3,1,1,3,4,2,1,3,2
380,SWD,Sweden,1849,-7,3,1,1,3,4,2,1,3,2
380,SWD,Sweden,1850,-7,3,1,1,3,4,2,1,3,2
380,SWD,Sweden,1851,-7,3,1,1,3,4,2,1,3,2
380,SWD,Sweden,1852,-7,3,1,1,3,4,2,1,3,2
380,SWD,Sweden,1853,-7,3,1,1,3,4,2,1,3,2
380,SWD,Sweden,1854,-7,3,1,1,3,4,2,1,3,2
380,SWD,Sweden,1855,-5,3,1,1,4,4,2,1,4,2
380,SWD,Sweden,1856,-5,3,1,1,4,4,2,1,4,2
380,SWD,Sweden,1857,-5,3,1,1,4,4,2,1,4,2
380,SWD,Sweden,1858,-5,3,1,1,4,4,2,1,4,2
380,SWD,Sweden,1859,-5,3,1,1,4,4,2,1,4,2
380,SWD,Sweden,1860,-5,3,1,1,4,4,2,1,4,2
380,SWD,Sweden,1861,-5,3,1,1,4,4,2,1,4,2
380,SWD,Sweden,1862,-5,3,1,1,4,4,2,1,4,2
380,SWD,Sweden,1863,-5,3,1,1,4,4,2,1,4,2
380,SWD,Sweden,1864,-5,3,1,1,4,4,2,1,4,2
380,SWD,Sweden,1865,-5,3,1,1,4,4,2,1,4,2
380,SWD,Sweden,1866,-5,3,1,1,4,4,2,1,4,2
380,SWD,Sweden,1867,-5,3,1,1,4,4,2,1,4,2
380,SWD,Sweden,1868,-5,3,1,1,4,4,2,1,4,2
380,SWD,Sweden,1869,-5,3,1,1,4,4,2,1,4,2
380,SWD,Sweden,1870,-4,3,1,2,5,4,2,2,5,2
380,SWD,Sweden,1871,-4,3,1,2,5,4,2,2,5,2
380,SWD,Sweden,1872,-4,3,1,2,5,4,2,2,5,2
380,SWD,Sweden,1873,-4,3,1,2,5,4,2,2,5,2
380,SWD,Sweden,1874,-4,3,1,2,5,4,2,2,5,2
380,SWD,Sweden,1875,-4,3,1,2,5,4,2,2,5,2
380,SWD,Sweden,1876,-4,3,1,2,5,4,2,2,5,2
380,SWD,Sweden,1877,-4,3,1,2,5,4,2,2,5,2
380,SWD,Sweden,1878,-4,3,1,2,5,4,2,2,5,2
380,SWD,Sweden,1879,-4,3,1,2,5,4,2,2,5,2
380,SWD,Sweden,1880,-4,3,1,2,5,4,2,2,5,2
380,SWD,Sweden,1881,-4,3,1,2,5,4,2,2,5,2
380,SWD,Sweden,1882,-4,3,1,2,5,4,2,2,5,2
380,SWD,Sweden,1883,-4,3,1,2,5,4,2,2,5,2
380,SWD,Sweden,1884,-4,3,1,2,5,4,2,2,5,2
380,SWD,Sweden,1885,-4,3,1,2,5,4,2,2,5,2
380,SWD,Sweden,1886,-4,3,1,2,5,4,2,2,5,2
380,SWD,Sweden,1887,-4,3,1,2,5,4,2,2,5,2
380,SWD,Sweden,1888,-4,3,1,2,5,4,2,2,5,2
380,SWD,Sweden,1889,-4,3,1,2,5,4,2,2,5,2
380,SWD,Sweden,1890,-4,3,1,2,5,4,2,2,5,2
380,SWD,Sweden,1891,-4,3,1,2,5,4,2,2,5,2
380,SWD,Sweden,1892,-4,3,1,2,5,4,2,2,5,2
380,SWD,Sweden,1893,-4,3,1,2,5,4,2,2,5,2
380,SWD,Sweden,1894,-4,3,1,2,5,4,2,2,5,2
380,SWD,Sweden,1895,-4,3,1,2,5,4,2,2,5,2
380,SWD,Sweden,1896,-4,3,1,2,5,4,2,2,5,2
380,SWD,Sweden,1897,-4,3,1,2,5,4,2,2,5,2
380,SWD,Sweden,1898,-4,3,1,2,5,4,2,2,5,2
380,SWD,Sweden,1899,-4,3,1,2,5,4,2,2,5,2
380,SWD,Sweden,1900,-4,3,1,2,5,4,2,2,5,2
380,SWD,Sweden,1901,-4,3,1,2,5,4,2,2,5,2
380,SWD,Sweden,1902,-4,3,1,2,5,4,2,2,5,2
380,SWD,Sweden,1903,-4,3,1,2,5,4,2,2,5,2
380,SWD,Sweden,1904,-4,3,1,2,5,4,2,2,5,2
380,SWD,Sweden,1905,-4,3,1,2,5,4,2,2,5,2
380,SWD,Sweden,1906,-4,3,1,2,5,4,2,2,5,2
380,SWD,Sweden,1907,-3,-88,-88,-88,-88,-88,-88,-88,-88,-88
380,SWD,Sweden,1908,-2,-88,-88,-88,-88,-88,-88,-88,-88,-88
380,SWD,Sweden,1909,0,-88,-88,-88,-88,-88,-88,-88,-88,-88
380,SWD,Sweden,1910,1,-88,-88,-88,-88,-88,-88,-88,-88,-88
380,SWD,Sweden,1911,2,-88,-88,-88,-88,-88,-88,-88,-88,-88
380,SWD,Sweden,1912,4,-88,-88,-88,-88,-88,-88,-88,-88,-88
380,SWD,Sweden,1913,5,-88,-88,-88,-88,-88,-88,-88,-88,-88
380,SWD,Sweden,1914,6,-88,-88,-88,-88,-88,-88,-88,-88,-88
380,SWD,Sweden,1915,8,-88,-88,-88,-88,-88,-88,-88,-88,-88
380,SWD,Sweden,1916,9,-88,-88,-88,-88,-88,-88,-88,-88,-88
380,SWD,Sweden,1917,10,3,3,4,7,5,5,8,7,10
380,SWD,Sweden,1918,10,3,3,4,7,5,5,8,7,10
380,SWD,Sweden,1919,10,3,3,4,7,5,5,8,7,10
380,SWD,Sweden,1920,10,3,3,4,7,5,5,8,7,10
380,SWD,Sweden,1921,10,3,3,4,7,5,5,8,7,10
380,SWD,Sweden,1922,10,3,3,4,7,5,5,8,7,10
380,SWD,Sweden,1923,10,3,3,4,7,5,5,8,7,10
380,SWD,Sweden,1924,10,3,3,4,7,5,5,8,7,10
380,SWD,Sweden,1925,10,3,3,4,7,5,5,8,7,10
380,SWD,Sweden,1926,10,3,3,4,7,5,5,8,7,10
380,SWD,Sweden,1927,10,3,3,4,7,5,5,8,7,10
380,SWD,Sweden,1928,10,3,3,4,7,5,5,8,7,10
380,SWD,Sweden,1929,10,3,3,4,7,5,5,8,7,10
380,SWD,Sweden,1930,10,3,3,4,7,5,5,8,7,10
380,SWD,Sweden,1931,10,3,3,4,7,5,5,8,7,10
380,SWD,Sweden,1932,10,3,3,4,7,5,5,8,7,10
380,SWD,Sweden,1933,10,3,3,4,7,5,5,8,7,10
380,SWD,Sweden,1934,10,3,3,4,7,5,5,8,7,10
380,SWD,Sweden,1935,10,3,3,4,7,5,5,8,7,10
380,SWD,Sweden,1936,10,3,3,4,7,5,5,8,7,10
380,SWD,Sweden,1937,10,3,3,4,7,5,5,8,7,10
380,SWD,Sweden,1938,10,3,3,4,7,5,5,8,7,10
380,SWD,Sweden,1939,10,3,3,4,7,5,5,8,7,10
380,SWD,Sweden,1940,10,3,3,4,7,5,5,8,7,10
380,SWD,Sweden,1941,10,3,3,4,7,5,5,8,7,10
380,SWD,Sweden,1942,10,3,3,4,7,5,5,8,7,10
380,SWD,Sweden,1943,10,3,3,4,7,5,5,8,7,10
380,SWD,Sweden,1944,10,3,3,4,7,5,5,8,7,10
380,SWD,Sweden,1945,10,3,3,4,7,5,5,8,7,10
380,SWD,Sweden,1946,10,3,3,4,7,5,5,8,7,10
380,SWD,Sweden,1947,10,3,3,4,7,5,5,8,7,10
380,SWD,Sweden,1948,10,3,3,4,7,5,5,8,7,10
380,SWD,Sweden,1949,10,3,3,4,7,5,5,8,7,10
380,SWD,Sweden,1950,10,3,3,4,7,5,5,8,7,10
380,SWD,Sweden,1951,10,3,3,4,7,5,5,8,7,10
380,SWD,Sweden,1952,10,3,3,4,7,5,5,8,7,10
380,SWD,Sweden,1953,10,3,3,4,7,5,5,8,7,10
380,SWD,Sweden,1954,10,3,3,4,7,5,5,8,7,10
380,SWD,Sweden,1955,10,3,3,4,7,5,5,8,7,10
380,SWD,Sweden,1956,10,3,3,4,7,5,5,8,7,10
380,SWD,Sweden,1957,10,3,3,4,7,5,5,8,7,10
380,SWD,Sweden,1958,10,3,3,4,7,5,5,8,7,10
380,SWD,Sweden,1959,10,3,3,4,7,5,5,8,7,10
380,SWD,Sweden,1960,10,3,3,4,7,5,5,8,7,10
380,SWD,Sweden,1961,10,3,3,4,7,5,5,8,7,10
380,SWD,Sweden,1962,10,3,3,4,7,5,5,8,7,10
380,SWD,Sweden,1963,10,3,3,4,7,5,5,8,7,10
380,SWD,Sweden,1964,10,3,3,4,7,5,5,8,7,10
380,SWD,Sweden,1965,10,3,3,4,7,5,5,8,7,10
380,SWD,Sweden,1966,10,3,3,4,7,5,5,8,7,10
380,SWD,Sweden,1967,10,3,3,4,7,5,5,8,7,10
380,SWD,Sweden,1968,10,3,3,4,7,5,5,8,7,10
380,SWD,Sweden,1969,10,3,3,4,7,5,5,8,7,10
380,SWD,Sweden,1970,10,3,3,4,7,5,5,8,7,10
380,SWD,Sweden,1971,10,3,3,4,7,5,5,8,7,10
380,SWD,Sweden,1972,10,3,3,4,7,5,5,8,7,10
380,SWD,Sweden,1973,10,3,3,4,7,5,5,8,7,10
380,SWD,Sweden,1974,10,3,3,4,7,5,5,8,7,10
380,SWD,Sweden,1975,10,3,3,4,7,5,5,8,7,10
380,SWD,Sweden,1976,10,3,3,4,7,5,5,8,7,10
380,SWD,Sweden,1977,10,3,3,4,7,5,5,8,7,10
380,SWD,Sweden,1978,10,3,3,4,7,5,5,8,7,10
380,SWD,Sweden,1979,10,3,3,4,7,5,5,8,7,10
380,SWD,Sweden,1980,10,3,3,4,7,5,5,8,7,10
380,SWD,Sweden,1981,10,3,3,4,7,5,5,8,7,10
380,SWD,Sweden,1982,10,3,3,4,7,5,5,8,7,10
380,SWD,Sweden,1983,10,3,3,4,7,5,5,8,7,10
380,SWD,Sweden,1984,10,3,3,4,7,5,5,8,7,10
380,SWD,Sweden,1985,10,3,3,4,7,5,5,8,7,10
380,SWD,Sweden,1986,10,3,3,4,7,5,5,8,7,10
380,SWD,Sweden,1987,10,3,3,4,7,5,5,8,7,10
380,SWD,Sweden,1988,10,3,3,4,7,5,5,8,7,10
380,SWD,Sweden,1989,10,3,3,4,7,5,5,8,7,10
380,SWD,Sweden,1990,10,3,3,4,7,5,5,8,7,10
380,SWD,Sweden,1991,10,3,3,4,7,5,5,8,7,10
380,SWD,Sweden,1992,10,3,3,4,7,5,5,8,7,10
380,SWD,Sweden,1993,10,3,3,4,7,5,5,8,7,10
380,SWD,Sweden,1994,10,3,3,4,7,5,5,8,7,10
380,SWD,Sweden,1995,10,3,3,4,7,5,5,8,7,10
380,SWD,Sweden,1996,10,3,3,4,7,5,5,8,7,10
380,SWD,Sweden,1997,10,3,3,4,7,5,5,8,7,10
380,SWD,Sweden,1998,10,3,3,4,7,5,5,8,7,10
380,SWD,Sweden,1999,10,3,3,4,7,5,5,8,7,10
380,SWD,Sweden,2000,10,3,3,4,7,5,5,8,7,10
380,SWD,Sweden,2001,10,3,3,4,7,5,5,8,7,10
380,SWD,Sweden,2002,10,3,3,4,7,5,5,8,7,10
380,SWD,Sweden,2003,10,3,3,4,7,5,5,8,7,10
380,SWD,Sweden,2004,10,3,3,4,7,5,5,8,7,10
380,SWD,Sweden,2005,10,3,3,4,7,5,5,8,7,10
380,SWD,Sweden,2006,10,3,3,4,7,5,5,8,7,10
380,SWD,Sweden,2007,10,3,3,4,7,5,5,8,7,10
380,SWD,Sweden,2008,10,3,3,4,7,5,5,8,7,10
380,SWD,Sweden,2009,10,3,3,4,7,5,5,8,7,10
380,SWD,Sweden,2010,10,3,3,4,7,5,5,8,7,10
380,SWD,Sweden,2011,10,3,3,4,7,5,5,8,7,10
380,SWD,Sweden,2012,10,3,3,4,7,5,5,8,7,10
380,SWD,Sweden,2013,10,3,3,4,7,5,5,8,7,10
380,SWD,Sweden,2014,10,3,3,4,7,5,5,8,7,10
380,SWD,Sweden,2015,10,3,3,4,7,5,5,8,7,10
380,SWD,Sweden,2016,10,3,3,4,7,5,5,8,7,10
380,SWD,Sweden,2017,10,3,3,4,7,5,5,8,7,10
380,SWD,Sweden,2018,10,3,3,4,7,5,5,8,7,10
200,UKG,United Kingdom,1800,-2,3,1,2,7,4,2,2,7,2
200,UKG,United Kingdom,1801,-2,3,1,2,7,4,2,2,7,2
200,UKG,United Kingdom,1802,-2,3,1,2,7,4,2,2,7,2
200,UKG,United Kingdom,1803,-2,3,1,2,7,4,2,2,7,2
200,UKG,United Kingdom,1804,-2,3,1,2,7,4,2,2,7,2
200,UKG,United Kingdom,1805,-2,3,1,2,7,4,2,2,7,2
200,UKG,United Kingdom,1806,-2,3,1,2,7,4,2,2,7,2
200,UKG,United Kingdom,1807,-2,3,1,2,7,4,2,2,7,2
200,UKG,United Kingdom,1808,-2,3,1,2,7,4,2,2,7,2
200,UKG,United Kingdom,1809,-2,3,1,2,7,4,2,2,7,2
200,UKG,United Kingdom,1810,-2,3,1,2,7,4,2,2,7,2
200,UKG,United Kingdom,1811,-2,3,1,2,7,4,2,2,7,2
200,UKG,United Kingdom,1812,-2,3,1,2,7,4,2,2,7,2
200,UKG,United Kingdom,1813,-2,3,1,2,7,4,2,2,7,2
200,UKG,United Kingdom,1814,-2,3,1,2,7,4,2,2,7,2
200,UKG,United Kingdom,1815,-2,3,1,2,7,4,2,2,7,2
200,UKG,United Kingdom,1816,-2,3,1,2,7,4,2,2,7,2
200,UKG,United Kingdom,1817,-2,3,1,2,7,4,2,2,7,2
200,UKG,United Kingdom,1818,-2,3,1,2,7,4,2,2,7,2
200,UKG,United Kingdom,1819,-2,3,1,2,7,4,2,2,7,2
200,UKG,United Kingdom,1820,-2,3,1,2,7,4,2,2,7,2
200,UKG,United Kingdom,1821,-2,3,1,2,7,4,2,2,7,2
200,UKG,United Kingdom,1822,-2,3,1,2,7,4,2,2,7,2
200,UKG,United Kingdom,1823,-2,3,1,2,7,4,2,2,7,2
200,UKG,United Kingdom,1824,-2,3,1,2,7,4,2,2,7,2
200,UKG,United Kingdom,1825,-2,3,1,2,7,4,2,2,7,2
200,UKG,United Kingdom,1826,-2,3,1,2,7,4,2,2,7,2
200,UKG,United Kingdom,1827,-2,3,1,2,7,4,2,2,7,2
200,UKG,United Kingdom,1828,-2,3,1,2,7,4,2,2,7,2
200,UKG,United Kingdom,1829,-2,3,1,2,7,4,2,2,7,2
200,UKG,United Kingdom,1830,-2,3,1,2,7,4,2,2,7,2
200,UKG,United Kingdom,1831,-2,3,1,2,7,4,2,2,7,2
200,UKG,United Kingdom,1832,-2,3,1,2,7,4,2,2,7,2
200,UKG,United Kingdom,1833,-2,3,1,2,7,4,2,2,7,2
200,UKG,United Kingdom,1834,-2,3,1,2,7,4,2,2,7,2
200,UKG,United Kingdom,1835,-2,3,1,2,7,4,2,2,7,2
200,UKG,United Kingdom,1836,-2,3,1,2,7,4,2,2,7,2
200,UKG,United Kingdom,1837,3,3,2,4,7,4,2,NA,7,2
200,UKG,United Kingdom,1838,3,3,2,4,7,4,2,NA,7,2
200,UKG,United Kingdom,1839,3,3,2,4,7,4,2,NA,7,2
200,UKG,United Kingdom,1840,3,3,2,4,7,4,2,NA,7,2
200,UKG,United Kingdom,1841,3,3,2,4,7,4,2,NA,7,2
200,UKG,United Kingdom,1842,3,3,2,4,7,4,2,NA,7,2
200,UKG,United Kingdom,1843,3,3,2,4,7,4,2,NA,7,2
200,UKG,United Kingdom,1844,3,3,2,4,7,4,2,NA,7,2
200,UKG,United Kingdom,1845,3,3,2,4,7,4,2,NA,7,2
200,UKG,United Kingdom,1846,3,3,2,4,7,4,2,NA,7,2
200,UKG,United Kingdom,1847,3,3,2,4,7,4,2,NA,7,2
200,UKG,United Kingdom,1848,3,3,2,4,7,4,2,NA,7,2
200,UKG,United Kingdom,1849,3,3,2,4,7,4,2,NA,7,2
200,UKG,United Kingdom,1850,3,3,2,4,7,4,2,NA,7,2
200,UKG,United Kingdom,1851,3,3,2,4,7,4,2,NA,7,2
200,UKG,United Kingdom,1852,3,3,2,4,7,4,2,NA,7,2
200,UKG,United Kingdom,1853,3,3,2,4,7,4,2,NA,7,2
200,UKG,United Kingdom,1854,3,3,2,4,7,4,2,NA,7,2
200,UKG,United Kingdom,1855,3,3,2,4,7,4,2,NA,7,2
200,UKG,United Kingdom,1856,3,3,2,4,7,4,2,NA,7,2
200,UKG,United Kingdom,1857,3,3,2,4,7,4,2,NA,7,2
200,UKG,United Kingdom,1858,3,3,2,4,7,4,2,NA,7,2
200,UKG,United Kingdom,1859,3,3,2,4,7,4,2,NA,7,2
200,UKG,United Kingdom,1860,3,3,2,4,7,4,2,NA,7,2
200,UKG,United Kingdom,1861,3,3,2,4,7,4,2,NA,7,2
200,UKG,United Kingdom,1862,3,3,2,4,7,4,2,NA,7,2
200,UKG,United Kingdom,1863,3,3,2,4,7,4,2,NA,7,2
200,UKG,United Kingdom,1864,3,3,2,4,7,4,2,NA,7,2
200,UKG,United Kingdom,1865,3,3,2,4,7,4,2,NA,7,2
200,UKG,United Kingdom,1866,3,3,2,4,7,4,2,NA,7,2
200,UKG,United Kingdom,1867,3,3,2,4,7,4,2,NA,7,2
200,UKG,United Kingdom,1868,3,3,2,4,7,4,2,NA,7,2
200,UKG,United Kingdom,1869,3,3,2,4,7,4,2,NA,7,2
200,UKG,United Kingdom,1870,3,3,2,4,7,4,2,NA,7,2
200,UKG,United Kingdom,1871,3,3,2,4,7,4,2,NA,7,2
200,UKG,United Kingdom,1872,3,3,2,4,7,4,2,NA,7,2
200,UKG,United Kingdom,1873,3,3,2,4,7,4,2,NA,7,2
200,UKG,United Kingdom,1874,3,3,2,4,7,4,2,NA,7,2
200,UKG,United Kingdom,1875,3,3,2,4,7,4,2,NA,7,2
200,UKG,United Kingdom,1876,3,3,2,4,7,4,2,NA,7,2
200,UKG,United Kingdom,1877,3,3,2,4,7,4,2,NA,7,2
200,UKG,United Kingdom,1878,3,3,2,4,7,4,2,NA,7,2
200,UKG,United Kingdom,1879,3,3,2,4,7,4,2,NA,7,2
200,UKG,United Kingdom,1880,7,3,2,4,7,2,3,NA,7,7
200,UKG,United Kingdom,1881,7,3,2,4,7,2,3,NA,7,7
200,UKG,United Kingdom,1882,7,3,2,4,7,2,3,NA,7,7
200,UKG,United Kingdom,1883,7,3,2,4,7,2,3,NA,7,7
200,UKG,United Kingdom,1884,7,3,2,4,7,2,3,NA,7,7
200,UKG,United Kingdom,1885,7,3,2,4,7,2,3,NA,7,7
200,UKG,United Kingdom,1886,7,3,2,4,7,2,3,NA,7,7
200,UKG,United Kingdom,1887,7,3,2,4,7,2,3,NA,7,7
200,UKG,United Kingdom,1888,7,3,2,4,7,2,3,NA,7,7
200,UKG,United Kingdom,1889,7,3,2,4,7,2,3,NA,7,7
200,UKG,United Kingdom,1890,7,3,2,4,7,2,3,NA,7,7
200,UKG,United Kingdom,1891,7,3,2,4,7,2,3,NA,7,7
200,UKG,United Kingdom,1892,7,3,2,4,7,2,3,NA,7,7
200,UKG,United Kingdom,1893,7,3,2,4,7,2,3,NA,7,7
200,UKG,United Kingdom,1894,7,3,2,4,7,2,3,NA,7,7
200,UKG,United Kingdom,1895,7,3,2,4,7,2,3,NA,7,7
200,UKG,United Kingdom,1896,7,3,2,4,7,2,3,NA,7,7
200,UKG,United Kingdom,1897,7,3,2,4,7,2,3,NA,7,7
200,UKG,United Kingdom,1898,7,3,2,4,7,2,3,NA,7,7
200,UKG,United Kingdom,1899,7,3,2,4,7,2,3,NA,7,7
200,UKG,United Kingdom,1900,7,3,2,4,7,2,3,NA,7,7
200,UKG,United Kingdom,1901,8,3,3,4,7,2,3,8,7,7
200,UKG,United Kingdom,1902,8,3,3,4,7,2,3,8,7,7
200,UKG,United Kingdom,1903,8,3,3,4,7,2,3,8,7,7
200,UKG,United Kingdom,1904,8,3,3,4,7,2,3,8,7,7
200,UKG,United Kingdom,1905,8,3,3,4,7,2,3,8,7,7
200,UKG,United Kingdom,1906,8,3,3,4,7,2,3,8,7,7
200,UKG,United Kingdom,1907,8,3,3,4,7,2,3,8,7,7
200,UKG,United Kingdom,1908,8,3,3,4,7,2,3,8,7,7
200,UKG,United Kingdom,1909,8,3,3,4,7,2,3,8,7,7
200,UKG,United Kingdom,1910,8,3,3,4,7,2,3,8,7,7
200,UKG,United Kingdom,1911,8,3,3,4,7,2,3,8,7,7
200,UKG,United Kingdom,1912,8,3,3,4,7,2,3,8,7,7
200,UKG,United Kingdom,1913,8,3,3,4,7,2,3,8,7,7
200,UKG,United Kingdom,1914,8,3,3,4,7,2,3,8,7,7
200,UKG,United Kingdom,1915,8,3,3,4,7,2,3,8,7,7
200,UKG,United Kingdom,1916,8,3,3,4,7,2,3,8,7,7
200,UKG,United Kingdom,1917,8,3,3,4,7,2,3,8,7,7
200,UKG,United Kingdom,1918,8,3,3,4,7,2,3,8,7,7
200,UKG,United Kingdom,1919,8,3,3,4,7,2,3,8,7,7
200,UKG,United Kingdom,1920,8,3,3,4,7,2,3,8,7,7
200,UKG,United Kingdom,1921,8,3,3,4,7,2,3,8,7,7
200,UKG,United Kingdom,1922,10,3,3,4,7,5,5,8,7,10
200,UKG,United Kingdom,1923,10,3,3,4,7,5,5,8,7,10
200,UKG,United Kingdom,1924,10,3,3,4,7,5,5,8,7,10
200,UKG,United Kingdom,1925,10,3,3,4,7,5,5,8,7,10
200,UKG,United Kingdom,1926,10,3,3,4,7,5,5,8,7,10
200,UKG,United Kingdom,1927,10,3,3,4,7,5,5,8,7,10
200,UKG,United Kingdom,1928,10,3,3,4,7,5,5,8,7,10
200,UKG,United Kingdom,1929,10,3,3,4,7,5,5,8,7,10
200,UKG,United Kingdom,1930,10,3,3,4,7,5,5,8,7,10
200,UKG,United Kingdom,1931,10,3,3,4,7,5,5,8,7,10
200,UKG,United Kingdom,1932,10,3,3,4,7,5,5,8,7,10
200,UKG,United Kingdom,1933,10,3,3,4,7,5,5,8,7,10
200,UKG,United Kingdom,1934,10,3,3,4,7,5,5,8,7,10
200,UKG,United Kingdom,1935,10,3,3,4,7,5,5,8,7,10
200,UKG,United Kingdom,1936,10,3,3,4,7,5,5,8,7,10
200,UKG,United Kingdom,1937,10,3,3,4,7,5,5,8,7,10
200,UKG,United Kingdom,1938,10,3,3,4,7,5,5,8,7,10
200,UKG,United Kingdom,1939,10,3,3,4,7,5,5,8,7,10
200,UKG,United Kingdom,1940,10,3,3,4,7,5,5,8,7,10
200,UKG,United Kingdom,1941,10,3,3,4,7,5,5,8,7,10
200,UKG,United Kingdom,1942,10,3,3,4,7,5,5,8,7,10
200,UKG,United Kingdom,1943,10,3,3,4,7,5,5,8,7,10
200,UKG,United Kingdom,1944,10,3,3,4,7,5,5,8,7,10
200,UKG,United Kingdom,1945,10,3,3,4,7,5,5,8,7,10
200,UKG,United Kingdom,1946,10,3,3,4,7,5,5,8,7,10
200,UKG,United Kingdom,1947,10,3,3,4,7,5,5,8,7,10
200,UKG,United Kingdom,1948,10,3,3,4,7,5,5,8,7,10
200,UKG,United Kingdom,1949,10,3,3,4,7,5,5,8,7,10
200,UKG,United Kingdom,1950,10,3,3,4,7,5,5,8,7,10
200,UKG,United Kingdom,1951,10,3,3,4,7,5,5,8,7,10
200,UKG,United Kingdom,1952,10,3,3,4,7,5,5,8,7,10
200,UKG,United Kingdom,1953,10,3,3,4,7,5,5,8,7,10
200,UKG,United Kingdom,1954,10,3,3,4,7,5,5,8,7,10
200,UKG,United Kingdom,1955,10,3,3,4,7,5,5,8,7,10
200,UKG,United Kingdom,1956,10,3,3,4,7,5,5,8,7,10
200,UKG,United Kingdom,1957,10,3,3,4,7,5,5,8,7,10
200,UKG,United Kingdom,1958,10,3,3,4,7,5,5,8,7,10
200,UKG,United Kingdom,1959,10,3,3,4,7,5,5,8,7,10
200,UKG,United Kingdom,1960,10,3,3,4,7,5,5,8,7,10
200,UKG,United Kingdom,1961,10,3,3,4,7,5,5,8,7,10
200,UKG,United Kingdom,1962,10,3,3,4,7,5,5,8,7,10
200,UKG,United Kingdom,1963,10,3,3,4,7,5,5,8,7,10
200,UKG,United Kingdom,1964,10,3,3,4,7,5,5,8,7,10
200,UKG,United Kingdom,1965,10,3,3,4,7,5,5,8,7,10
200,UKG,United Kingdom,1966,10,3,3,4,7,5,5,8,7,10
200,UKG,United Kingdom,1967,10,3,3,4,7,5,5,8,7,10
200,UKG,United Kingdom,1968,10,3,3,4,7,5,5,8,7,10
200,UKG,United Kingdom,1969,10,3,3,4,7,5,5,8,7,10
200,UKG,United Kingdom,1970,10,3,3,4,7,5,5,8,7,10
200,UKG,United Kingdom,1971,10,3,3,4,7,5,5,8,7,10
200,UKG,United Kingdom,1972,10,3,3,4,7,5,5,8,7,10
200,UKG,United Kingdom,1973,10,3,3,4,7,5,5,8,7,10
200,UKG,United Kingdom,1974,10,3,3,4,7,5,5,8,7,10
200,UKG,United Kingdom,1975,10,3,3,4,7,5,5,8,7,10
200,UKG,United Kingdom,1976,10,3,3,4,7,5,5,8,7,10
200,UKG,United Kingdom,1977,10,3,3,4,7,5,5,8,7,10
200,UKG,United Kingdom,1978,10,3,3,4,7,5,5,8,7,10
200,UKG,United Kingdom,1979,10,3,3,4,7,5,5,8,7,10
200,UKG,United Kingdom,1980,10,3,3,4,7,5,5,8,7,10
200,UKG,United Kingdom,1981,10,3,3,4,7,5,5,8,7,10
200,UKG,United Kingdom,1982,10,3,3,4,7,5,5,8,7,10
200,UKG,United Kingdom,1983,10,3,3,4,7,5,5,8,7,10
200,UKG,United Kingdom,1984,10,3,3,4,7,5,5,8,7,10
200,UKG,United Kingdom,1985,10,3,3,4,7,5,5,8,7,10
200,UKG,United Kingdom,1986,10,3,3,4,7,5,5,8,7,10
200,UKG,United Kingdom,1987,10,3,3,4,7,5,5,8,7,10
200,UKG,United Kingdom,1988,10,3,3,4,7,5,5,8,7,10
200,UKG,United Kingdom,1989,10,3,3,4,7,5,5,8,7,10
200,UKG,United Kingdom,1990,10,3,3,4,7,5,5,8,7,10
200,UKG,United Kingdom,1991,10,3,3,4,7,5,5,8,7,10
200,UKG,United Kingdom,1992,10,3,3,4,7,5,5,8,7,10
200,UKG,United Kingdom,1993,10,3,3,4,7,5,5,8,7,10
200,UKG,United Kingdom,1994,10,3,3,4,7,5,5,8,7,10
200,UKG,United Kingdom,1995,10,3,3,4,7,5,5,8,7,10
200,UKG,United Kingdom,1996,10,3,3,4,7,5,5,8,7,10
200,UKG,United Kingdom,1997,10,3,3,4,7,5,5,8,7,10
200,UKG,United Kingdom,1998,10,3,3,4,7,5,5,8,7,10
200,UKG,United Kingdom,1999,10,3,3,4,7,5,5,8,7,10
200,UKG,United Kingdom,2000,10,3,3,4,7,5,5,8,7,10
200,UKG,United Kingdom,2001,10,3,3,4,7,5,5,8,7,10
200,UKG,United Kingdom,2002,10,3,3,4,7,5,5,8,7,10
200,UKG,United Kingdom,2003,10,3,3,4,7,5,5,8,7,10
200,UKG,United Kingdom,2004,10,3,3,4,7,5,5,8,7,10
200,UKG,United Kingdom,2005,10,3,3,4,7,5,5,8,7,10
200,UKG,United Kingdom,2006,10,3,3,4,7,5,5,8,7,10
200,UKG,United Kingdom,2007,10,3,3,4,7,5,5,8,7,10
200,UKG,United Kingdom,2008,10,3,3,4,7,5,5,8,7,10
200,UKG,United Kingdom,2009,10,3,3,4,7,5,5,8,7,10
200,UKG,United Kingdom,2010,10,3,3,4,7,5,5,8,7,10
200,UKG,United Kingdom,2011,10,3,3,4,7,5,5,8,7,10
200,UKG,United Kingdom,2012,10,3,3,4,7,5,5,8,7,10
200,UKG,United Kingdom,2013,10,3,3,4,7,5,5,8,7,10
200,UKG,United Kingdom,2014,10,3,3,4,7,5,5,8,7,10
200,UKG,United Kingdom,2015,10,3,3,4,7,5,5,8,7,10
200,UKG,United Kingdom,2016,8,3,3,4,7,2,3,8,7,7
200,UKG,United Kingdom,2017,8,3,3,4,7,2,3,8,7,7
200,UKG,United Kingdom,2018,8,3,3,4,7,2,3,8,7,7
2,USA,United States,1776,0,-77,-77,-77,-77,-77,-77,-77,-77,-77
2,USA,United States,1777,0,-77,-77,-77,-77,-77,-77,-77,-77,-77
2,USA,United States,1778,0,-77,-77,-77,-77,-77,-77,-77,-77,-77
2,USA,United States,1779,0,-77,-77,-77,-77,-77,-77,-77,-77,-77
2,USA,United States,1780,0,-77,-77,-77,-77,-77,-77,-77,-77,-77
2,USA,United States,1781,0,-77,-77,-77,-77,-77,-77,-77,-77,-77
2,USA,United States,1782,0,-77,-77,-77,-77,-77,-77,-77,-77,-77
2,USA,United States,1783,0,-88,-88,-88,-88,-88,-88,-88,-88,-88
2,USA,United States,1784,0,-88,-88,-88,-88,-88,-88,-88,-88,-88
2,USA,United States,1785,0,-88,-88,-88,-88,-88,-88,-88,-88,-88
2,USA,United States,1786,0,-88,-88,-88,-88,-88,-88,-88,-88,-88
2,USA,United States,1787,0,-88,-88,-88,-88,-88,-88,-88,-88,-88
2,USA,United States,1788,0,-88,-88,-88,-88,-88,-88,-88,-88,-88
2,USA,United States,1789,0,2,1,4,5,1,0,3,5,4
2,USA,United States,1790,0,2,1,4,5,1,0,3,5,4
2,USA,United States,1791,0,2,1,4,5,1,0,3,5,4
2,USA,United States,1792,0,2,1,4,5,1,0,3,5,4
2,USA,United States,1793,0,2,1,4,5,1,0,3,5,4
2,USA,United States,1794,0,2,1,4,5,1,0,3,5,4
2,USA,United States,1795,0,2,1,4,5,1,0,3,5,4
2,USA,United States,1796,0,2,1,4,5,1,0,3,5,4
2,USA,United States,1797,5,2,2,4,6,1,0,7,6,4
2,USA,United States,1798,5,2,2,4,6,1,0,7,6,4
2,USA,United States,1799,5,2,2,4,6,1,0,7,6,4
2,USA,United States,1800,5,2,2,4,6,1,0,7,6,4
2,USA,United States,1801,6,2,2,4,7,1,0,7,7,4
2,USA,United States,1802,6,2,2,4,7,1,0,7,7,4
2,USA,United States,1803,6,2,2,4,7,1,0,7,7,4
2,USA,United States,1804,6,2,2,4,7,2,0,7,7,5
2,USA,United States,1805,6,2,2,4,7,2,0,7,7,5
2,USA,United States,1806,6,2,2,4,7,2,0,7,7,5
2,USA,United States,1807,6,2,2,4,7,2,0,7,7,5
2,USA,United States,1808,6,2,2,4,7,2,0,7,7,5
2,USA,United States,1809,6,2,2,4,7,2,0,7,7,5
2,USA,United States,1810,6,2,2,4,7,2,0,7,7,5
2,USA,United States,1811,6,2,2,4,7,2,0,7,7,5
2,USA,United States,1812,6,2,2,4,7,2,0,7,7,5
2,USA,United States,1813,6,2,2,4,7,2,0,7,7,5
2,USA,United States,1814,6,2,2,4,7,2,0,7,7,5
2,USA,United States,1815,6,2,2,4,7,2,0,7,7,5
2,USA,United States,1816,6,2,2,4,7,2,0,7,7,5
2,USA,United States,1817,6,2,2,4,7,2,0,7,7,5
2,USA,United States,1818,6,2,2,4,7,2,0,7,7,5
2,USA,United States,1819,6,2,2,4,7,2,0,7,7,5
2,USA,United States,1820,6,2,2,4,7,2,0,7,7,5
2,USA,United States,1821,6,2,2,4,7,2,0,7,7,5
2,USA,United States,1822,6,2,2,4,7,2,0,7,7,5
2,USA,United States,1823,6,2,2,4,7,2,0,7,7,5
2,USA,United States,1824,6,2,2,4,7,2,0,7,7,5
2,USA,United States,1825,7,3,3,4,7,2,0,8,7,5
2,USA,United States,1826,7,3,3,4,7,2,0,8,7,5
2,USA,United States,1827,7,3,3,4,7,2,0,8,7,5
2,USA,United States,1828,7,3,3,4,7,2,0,8,7,5
2,USA,United States,1829,10,3,3,4,7,5,5,8,7,10
2,USA,United States,1830,10,3,3,4,7,5,5,8,7,10
2,USA,United States,1831,10,3,3,4,7,5,5,8,7,10
2,USA,United States,1832,10,3,3,4,7,5,5,8,7,10
2,USA,United States,1833,10,3,3,4,7,5,5,8,7,10
2,USA,United States,1834,10,3,3,4,7,5,5,8,7,10
2,USA,United States,1835,10,3,3,4,7,5,5,8,7,10
2,USA,United States,1836,10,3,3,4,7,5,5,8,7,10
2,USA,United States,1837,10,3,3,4,7,5,5,8,7,10
2,USA,United States,1838,10,3,3,4,7,5,5,8,7,10
2,USA,United States,1839,10,3,3,4,7,5,5,8,7,10
2,USA,United States,1840,10,3,3,4,7,5,5,8,7,10
2,USA,United States,1841,10,3,3,4,7,5,5,8,7,10
2,USA,United States,1842,10,3,3,4,7,5,5,8,7,10
2,USA,United States,1843,10,3,3,4,7,5,5,8,7,10
2,USA,United States,1844,10,3,3,4,7,5,5,8,7,10
2,USA,United States,1845,10,3,3,4,7,5,5,8,7,10
2,USA,United States,1846,10,3,3,4,7,5,5,8,7,10
2,USA,United States,1847,10,3,3,4,7,5,5,8,7,10
2,USA,United States,1848,10,3,3,4,7,5,5,8,7,10
2,USA,United States,1849,10,3,3,4,7,5,5,8,7,10
2,USA,United States,1850,9,3,3,4,7,2,4,8,7,9
2,USA,United States,1851,9,3,3,4,7,2,4,8,7,9
2,USA,United States,1852,9,3,3,4,7,2,4,8,7,9
2,USA,United States,1853,9,3,3,4,7,2,4,8,7,9
2,USA,United States,1854,8,3,3,4,7,2,3,8,7,7
2,USA,United States,1855,8,3,3,4,7,2,3,8,7,7
2,USA,United States,1856,8,3,3,4,7,2,3,8,7,7
2,USA,United States,1857,8,3,3,4,7,2,3,8,7,7
2,USA,United States,1858,8,3,3,4,7,2,3,8,7,7
2,USA,United States,1859,8,3,3,4,7,2,3,8,7,7
2,USA,United States,1860,0,-77,-77,-77,-77,-77,-77,-77,-77,-77
2,USA,United States,1861,0,-77,-77,-77,-77,-77,-77,-77,-77,-77
2,USA,United States,1862,0,-77,-77,-77,-77,-77,-77,-77,-77,-77
2,USA,United States,1863,0,-77,-77,-77,-77,-77,-77,-77,-77,-77
2,USA,United States,1864,0,-77,-77,-77,-77,-77,-77,-77,-77,-77
2,USA,United States,1865,7,3,3,4,7,3,3,8,7,6
2,USA,United States,1866,7,3,3,4,7,3,3,8,7,6
2,USA,United States,1867,7,3,3,4,7,3,3,8,7,6
2,USA,United States,1868,7,3,3,4,7,3,3,8,7,6
2,USA,United States,1869,7,3,3,4,7,3,3,8,7,6
2,USA,United States,1870,7,3,3,4,7,3,3,8,7,6
2,USA,United States,1871,7,3,3,4,7,3,3,8,7,6
2,USA,United States,1872,8,3,3,4,7,3,4,8,7,8
2,USA,United States,1873,8,3,3,4,7,3,4,8,7,8
2,USA,United States,1874,8,3,3,4,7,3,4,8,7,8
2,USA,United States,1875,8,3,3,4,7,3,4,8,7,8
2,USA,United States,1876,8,3,3,4,7,3,4,8,7,8
2,USA,United States,1877,9,3,3,4,7,2,4,8,7,9
2,USA,United States,1878,9,3,3,4,7,2,4,8,7,9
2,USA,United States,1879,9,3,3,4,7,2,4,8,7,9
2,USA,United States,1880,9,3,3,4,7,2,4,8,7,9
2,USA,United States,1881,9,3,3,4,7,2,4,8,7,9
2,USA,United States,1882,9,3,3,4,7,2,4,8,7,9
2,USA,United States,1883,9,3,3,4,7,2,4,8,7,9
2,USA,United States,1884,9,3,3,4,7,2,4,8,7,9
2,USA,United States,1885,9,3,3,4,7,2,4,8,7,9
2,USA,United States,1886,9,3,3,4,7,2,4,8,7,9
2,USA,United States,1887,9,3,3,4,7,2,4,8,7,9
2,USA,United States,1888,9,3,3,4,7,2,4,8,7,9
2,USA,United States,1889,9,3,3,4,7,2,4,8,7,9
2,USA,United States,1890,9,3,3,4,7,2,4,8,7,9
2,USA,United States,1891,9,3,3,4,7,2,4,8,7,9
2,USA,United States,1892,9,3,3,4,7,2,4,8,7,9
2,USA,United States,1893,9,3,3,4,7,2,4,8,7,9
2,USA,United States,1894,9,3,3,4,7,2,4,8,7,9
2,USA,United States,1895,9,3,3,4,7,2,4,8,7,9
2,USA,United States,1896,9,3,3,4,7,2,4,8,7,9
2,USA,United States,1897,9,3,3,4,7,2,4,8,7,9
2,USA,United States,1898,9,3,3,4,7,2,4,8,7,9
2,USA,United States,1899,9,3,3,4,7,2,4,8,7,9
2,USA,United States,1900,9,3,3,4,7,2,4,8,7,9
2,USA,United States,1901,9,3,3,4,7,2,4,8,7,9
2,USA,United States,1902,9,3,3,4,7,2,4,8,7,9
2,USA,United States,1903,9,3,3,4,7,2,4,8,7,9
2,USA,United States,1904,9,3,3,4,7,2,4,8,7,9
2,USA,United States,1905,9,3,3,4,7,2,4,8,7,9
2,USA,United States,1906,9,3,3,4,7,2,4,8,7,9
2,USA,United States,1907,9,3,3,4,7,2,4,8,7,9
2,USA,United States,1908,9,3,3,4,7,2,4,8,7,9
2,USA,United States,1909,9,3,3,4,7,2,4,8,7,9
2,USA,United States,1910,9,3,3,4,7,2,4,8,7,9
2,USA,United States,1911,9,3,3,4,7,2,4,8,7,9
2,USA,United States,1912,9,3,3,4,7,2,4,8,7,9
2,USA,United States,1913,9,3,3,4,7,2,4,8,7,9
2,USA,United States,1914,9,3,3,4,7,2,4,8,7,9
2,USA,United States,1915,9,3,3,4,7,2,4,8,7,9
2,USA,United States,1916,9,3,3,4,7,2,4,8,7,9
2,USA,United States,1917,9,3,3,4,7,2,4,8,7,9
2,USA,United States,1918,9,3,3,4,7,2,4,8,7,9
2,USA,United States,1919,9,3,3,4,7,2,4,8,7,9
2,USA,United States,1920,9,3,3,4,7,2,4,8,7,9
2,USA,United States,1921,9,3,3,4,7,2,4,8,7,9
2,USA,United States,1922,9,3,3,4,7,2,4,8,7,9
2,USA,United States,1923,9,3,3,4,7,2,4,8,7,9
2,USA,United States,1924,9,3,3,4,7,2,4,8,7,9
2,USA,United States,1925,9,3,3,4,7,2,4,8,7,9
2,USA,United States,1926,9,3,3,4,7,2,4,8,7,9
2,USA,United States,1927,9,3,3,4,7,2,4,8,7,9
2,USA,United States,1928,9,3,3,4,7,2,4,8,7,9
2,USA,United States,1929,9,3,3,4,7,2,4,8,7,9
2,USA,United States,1930,9,3,3,4,7,2,4,8,7,9
2,USA,United States,1931,9,3,3,4,7,2,4,8,7,9
2,USA,United States,1932,9,3,3,4,7,2,4,8,7,9
2,USA,United States,1933,9,3,3,4,7,2,4,8,7,9
2,USA,United States,1934,9,3,3,4,7,2,4,8,7,9
2,USA,United States,1935,9,3,3,4,7,2,4,8,7,9
2,USA,United States,1936,9,3,3,4,7,2,4,8,7,9
2,USA,United States,1937,9,3,3,4,7,2,4,8,7,9
2,USA,United States,1938,9,3,3,4,7,2,4,8,7,9
2,USA,United States,1939,9,3,3,4,7,2,4,8,7,9
2,USA,United States,1940,9,3,3,4,7,2,4,8,7,9
2,USA,United States,1941,9,3,3,4,7,2,4,8,7,9
2,USA,United States,1942,9,3,3,4,7,2,4,8,7,9
2,USA,United States,1943,9,3,3,4,7,2,4,8,7,9
2,USA,United States,1944,9,3,3,4,7,2,4,8,7,9
2,USA,United States,1945,9,3,3,4,7,2,4,8,7,9
2,USA,United States,1946,9,3,3,4,7,2,4,8,7,9
2,USA,United States,1947,9,3,3,4,7,2,4,8,7,9
2,USA,United States,1948,9,3,3,4,7,2,4,8,7,9
2,USA,United States,1949,9,3,3,4,7,2,4,8,7,9
2,USA,United States,1950,9,3,3,4,7,2,4,8,7,9
2,USA,United States,1951,9,3,3,4,7,2,4,8,7,9
2,USA,United States,1952,9,3,3,4,7,2,4,8,7,9
2,USA,United States,1953,9,3,3,4,7,2,4,8,7,9
2,USA,United States,1954,9,3,3,4,7,2,4,8,7,9
2,USA,United States,1955,9,3,3,4,7,2,4,8,7,9
2,USA,United States,1956,9,3,3,4,7,2,4,8,7,9
2,USA,United States,1957,9,3,3,4,7,2,4,8,7,9
2,USA,United States,1958,9,3,3,4,7,2,4,8,7,9
2,USA,United States,1959,9,3,3,4,7,2,4,8,7,9
2,USA,United States,1960,9,3,3,4,7,2,4,8,7,9
2,USA,United States,1961,9,3,3,4,7,2,4,8,7,9
2,USA,United States,1962,9,3,3,4,7,2,4,8,7,9
2,USA,United States,1963,9,3,3,4,7,2,4,8,7,9
2,USA,United States,1964,9,3,3,4,7,2,4,8,7,9
2,USA,United States,1965,9,3,3,4,7,2,4,8,7,9
2,USA,United States,1966,9,3,3,4,7,2,4,8,7,9
2,USA,United States,1967,8,3,3,4,7,2,3,8,7,7
2,USA,United States,1968,8,3,3,4,7,2,3,8,7,7
2,USA,United States,1969,8,3,3,4,7,2,3,8,7,7
2,USA,United States,1970,8,3,3,4,7,2,3,8,7,7
2,USA,United States,1971,8,3,3,4,7,2,3,8,7,7
2,USA,United States,1972,8,3,3,4,7,2,3,8,7,7
2,USA,United States,1973,8,3,3,4,7,2,3,8,7,7
2,USA,United States,1974,10,3,3,4,7,5,5,8,7,10
2,USA,United States,1975,10,3,3,4,7,5,5,8,7,10
2,USA,United States,1976,10,3,3,4,7,5,5,8,7,10
2,USA,United States,1977,10,3,3,4,7,5,5,8,7,10
2,USA,United States,1978,10,3,3,4,7,5,5,8,7,10
2,USA,United States,1979,10,3,3,4,7,5,5,8,7,10
2,USA,United States,1980,10,3,3,4,7,5,5,8,7,10
2,USA,United States,1981,10,3,3,4,7,5,5,8,7,10
2,USA,United States,1982,10,3,3,4,7,5,5,8,7,10
2,USA,United States,1983,10,3,3,4,7,5,5,8,7,10
2,USA,United States,1984,10,3,3,4,7,5,5,8,7,10
2,USA,United States,1985,10,3,3,4,7,5,5,8,7,10
2,USA,United States,1986,10,3,3,4,7,5,5,8,7,10
2,USA,United States,1987,10,3,3,4,7,5,5,8,7,10
2,USA,United States,1988,10,3,3,4,7,5,5,8,7,10
2,USA,United States,1989,10,3,3,4,7,5,5,8,7,10
2,USA,United States,1990,10,3,3,4,7,5,5,8,7,10
2,USA,United States,1991,10,3,3,4,7,5,5,8,7,10
2,USA,United States,1992,10,3,3,4,7,5,5,8,7,10
2,USA,United States,1993,10,3,3,4,7,5,5,8,7,10
2,USA,United States,1994,10,3,3,4,7,5,5,8,7,10
2,USA,United States,1995,10,3,3,4,7,5,5,8,7,10
2,USA,United States,1996,10,3,3,4,7,5,5,8,7,10
2,USA,United States,1997,10,3,3,4,7,5,5,8,7,10
2,USA,United States,1998,10,3,3,4,7,5,5,8,7,10
2,USA,United States,1999,10,3,3,4,7,5,5,8,7,10
2,USA,United States,2000,10,3,3,4,7,5,5,8,7,10
2,USA,United States,2001,10,3,3,4,7,5,5,8,7,10
2,USA,United States,2002,10,3,3,4,7,5,5,8,7,10
2,USA,United States,2003,10,3,3,4,7,5,5,8,7,10
2,USA,United States,2004,10,3,3,4,7,5,5,8,7,10
2,USA,United States,2005,10,3,3,4,7,5,5,8,7,10
2,USA,United States,2006,10,3,3,4,7,5,5,8,7,10
2,USA,United States,2007,10,3,3,4,7,5,5,8,7,10
2,USA,United States,2008,10,3,3,4,7,5,5,8,7,10
2,USA,United States,2009,10,3,3,4,7,5,5,8,7,10
2,USA,United States,2010,10,3,3,4,7,5,5,8,7,10
2,USA,United States,2011,10,3,3,4,7,5,5,8,7,10
2,USA,United States,2012,10,3,3,4,7,5,5,8,7,10
2,USA,United States,2013,10,3,3,4,7,5,5,8,7,10
2,USA,United States,2014,10,3,3,4,7,5,5,8,7,10
2,USA,United States,2015,10,3,3,4,7,5,5,8,7,10
2,USA,United States,2016,8,3,3,4,7,2,3,8,7,7
2,USA,United States,2017,8,3,3,4,7,2,3,8,7,7
2,USA,United States,2018,8,3,3,4,7,2,3,8,7,7
2,USA,United States,2019,7,3,3,4,6,2,3,8,6,7
2,USA,United States,2020,5,3,3,4,4,2,3,8,4,7
